idProduct,firm,product,segment,price,share,delta,cals,fat,sugar,shelf_price,ad_price,share_pct,outside_share,cons,idfirm,idsegment,total_firm_cals,total_all_cals,n_firm_cals,own_cals,rival_cals,total_firm_fat,total_all_fat,n_firm_fat,own_fat,rival_fat,total_firm_sugar,total_all_sugar,n_firm_sugar,own_sugar,rival_sugar,n_products_firm,n_total_products,n_rival_products,nest_share,share_within_nest,log_share_within_nest,n_products_nest,n_same_nest_other,n_rival_nest,total_nest_cals,nest_own_cals,nest_rival_cals,total_nest_fat,nest_own_fat,nest_rival_fat,total_nest_sugar,nest_own_sugar,nest_rival_sugar
35,PT,GreatGraines,Adult,2.9,.0088999998,-3.3065987,215,5.5,10.5,3.43,2.648,.89,.2429,1,PT,Adult,950,7281,6,735,6331,10.7,80.400002,6,5.1999998,69.700005,66.5,505.39999,6,56,438.89999,6,50,44,.32929999,.027027028,-3.6109178,25,24,25,4116,3901,3165,52.599998,47.099998,27.800003,219.60001,209.10001,285.79999
17,RL,Muesli,Adult,3.34,.0126,-2.9589529,210,2.7,14,3.93,.215,1.26,.2429,1,RL,Adult,330,7281,2,120,6951,2.7,80.400002,2,4.7683717e-08,77.700005,16,505.39999,2,2,489.39999,2,50,48,.32929999,.038262982,-3.2632723,25,24,25,4116,3906,3165,52.599998,49.899998,27.800003,219.60001,205.60001,285.79999
39,GM,TotalRaisinBran,Adult,3,.0088999998,-3.3065987,180,1,19,3.5,1.874,.89,.2429,1,GM,Adult,2550,7281,18,2370,4731,32.299999,80.400002,18,31.299999,48.100002,202,505.39999,18,183,303.39999,18,50,32,.32929999,.027027028,-3.6109178,25,24,25,4116,3936,3165,52.599998,51.599998,27.800003,219.60001,200.60001,285.79999
20,GM,Basic4,Adult,3.27,.0131,-2.9200375,210,3,12,3.63,2.51,1.31,.2429,1,GM,Adult,2550,7281,18,2340,4731,32.299999,80.400002,18,29.299999,48.100002,202,505.39999,18,190,303.39999,18,50,32,.32929999,.039781358,-3.2243569,25,24,25,4116,3906,3165,52.599998,49.599998,27.800003,219.60001,207.60001,285.79999
32,KG,CracklinOatBran,Adult,3.19,.0106,-3.1317959,190,6,15,3.51,2.279,1.06,.2429,1,KG,Adult,2300,7281,17,2110,4981,19,80.400002,17,13,61.400002,164,505.39999,17,149,341.39999,17,50,33,.32929999,.032189492,-3.4361153,25,24,25,4116,3926,3165,52.599998,46.599998,27.800003,219.60001,204.60001,285.79999
6,GM,Total,Adult,3.61,.023600001,-2.331403,110,1,5,4.04,3.926,2.36,.2429,1,GM,Adult,2550,7281,18,2440,4731,32.299999,80.400002,18,31.299999,48.100002,202,505.39999,18,197,303.39999,18,50,32,.32929999,.071667179,-2.6357224,25,24,25,4116,4006,3165,52.599998,51.599998,27.800003,219.60001,214.60001,285.79999
34,PT,HoneyBunchesofOats,Adult,2.85,.0094999997,-3.241358,125,2.2,6,3.18,3.749,.95,.2429,1,PT,Adult,950,7281,6,825,6331,10.7,80.400002,6,8.5,69.700005,66.5,505.39999,6,60.5,438.89999,6,50,44,.32929999,.028849075,-3.5456774,25,24,25,4116,3991,3165,52.599998,50.399998,27.800003,219.60001,213.60001,285.79999
47,KG,DoubleDipCrunch,Adult,3.01,.0073000002,-3.5047755,110,0,11,3.52,1.454,.73,.2429,1,KG,Adult,2300,7281,17,2190,4981,19,80.400002,17,19,61.400002,164,505.39999,17,153,341.39999,17,50,33,.32929999,.022168238,-3.8090947,25,24,25,4116,4006,3165,52.599998,52.599998,27.800003,219.60001,208.60001,285.79999
40,KG,Product19,Adult,3.38,.0088999998,-3.3065987,100,0,4,3.7,1.408,.89,.2429,1,KG,Adult,2300,7281,17,2200,4981,19,80.400002,17,19,61.400002,164,505.39999,17,160,341.39999,17,50,33,.32929999,.027027028,-3.6109178,25,24,25,4116,4016,3165,52.599998,52.599998,27.800003,219.60001,215.60001,285.79999
33,NB,BigBiscuitShdWt,Adult,2.79,.0098999999,-3.200115,156,1.2,9.6,3.05,0,.99,.2429,1,NB,Adult,486,7281,3,330,6795,2.2,80.400002,3,1,78.200005,9.6000004,505.39999,3,3.8146973e-07,495.79999,3,50,47,.32929999,.030063773,-3.5044343,25,24,25,4116,3960,3165,52.599998,51.399998,27.800003,219.60001,210,285.79999
36,GM,OtmlRaisinCrisp,Adult,2.71,.0097000003,-3.2205238,210,2.5,19,3.04,1.641,.97,.2429,1,GM,Adult,2550,7281,18,2340,4731,32.299999,80.400002,18,29.799999,48.100002,202,505.39999,18,183,303.39999,18,50,32,.32929999,.029456425,-3.5248432,25,24,25,4116,3906,3165,52.599998,50.099998,27.800003,219.60001,200.60001,285.79999
8,KG,SpecialK,Adult,3.48,.021600001,-2.4199564,110,0,3,3.78,3.531,2.16,.2429,1,KG,Adult,2300,7281,17,2190,4981,19,80.400002,17,19,61.400002,164,505.39999,17,161,341.39999,17,50,33,.32929999,.06559369,-2.7242758,25,24,25,4116,4006,3165,52.599998,52.599998,27.800003,219.60001,216.60001,285.79999
28,KG,Crispix,Adult,3.28,.0112,-3.0767362,110,0,3,3.49,3.225,1.12,.2429,1,KG,Adult,2300,7281,17,2190,4981,19,80.400002,17,19,61.400002,164,505.39999,17,161,341.39999,17,50,33,.32929999,.034011539,-3.3810554,25,24,25,4116,4006,3165,52.599998,52.599998,27.800003,219.60001,216.60001,285.79999
14,KG,Mueslix,Adult,3.31,.0153,-2.764797,200,4,13,3.58,1.975,1.53,.2429,1,KG,Adult,2300,7281,17,2100,4981,19,80.400002,17,15,61.400002,164,505.39999,17,151,341.39999,17,50,33,.32929999,.046462193,-3.0691164,25,24,25,4116,3916,3165,52.599998,48.599998,27.800003,219.60001,206.60001,285.79999
12,KG,FrostedMiniWheats,Adult,2.62,.0184,-2.5802991,170,1,10,2.75,6.106,1.84,.2429,1,KG,Adult,2300,7281,17,2130,4981,19,80.400002,17,18,61.400002,164,505.39999,17,154,341.39999,17,50,33,.32929999,.055876106,-2.8846185,25,24,25,4116,3946,3165,52.599998,51.599998,27.800003,219.60001,209.60001,285.79999
38,RL,RiceChex,Adult,3.4,.0088999998,-3.3065987,120,0,2,3.53,.875,.89,.2429,1,RL,Adult,330,7281,2,210,6951,2.7,80.400002,2,2.7,77.700005,16,505.39999,2,14,489.39999,2,50,48,.32929999,.027027028,-3.6109178,25,24,25,4116,3996,3165,52.599998,52.599998,27.800003,219.60001,217.60001,285.79999
19,GM,RaisinNutBran,Adult,2.98,.0135,-2.8899601,210,4.5,16,3.22,1.659,1.35,.2429,1,GM,Adult,2550,7281,18,2340,4731,32.299999,80.400002,18,27.799999,48.100002,202,505.39999,18,186,303.39999,18,50,32,.32929999,.040996056,-3.1942794,25,24,25,4116,3906,3165,52.599998,48.099998,27.800003,219.60001,203.60001,285.79999
11,QK,100%Natural,Adult,2.24,.0196,-2.5171204,220,8,13.5,2.55,1.612,1.96,.2429,1,QK,Adult,665,7281,4,445,6616,13.5,80.400002,4,5.5,66.900002,47.299999,505.39999,4,33.799999,458.10001,4,50,46,.32929999,.059520196,-2.8214395,25,24,25,4116,3896,3165,52.599998,44.599998,27.800003,219.60001,206.10001,285.79999
43,NB,ShreddedWheat,Adult,2.82,.0080000004,-3.4132082,160,.5,0,3,2.925,.8,.2429,1,NB,Adult,486,7281,3,326,6795,2.2,80.400002,3,1.7,78.200005,9.6000004,505.39999,3,9.6000004,495.79999,3,50,47,.32929999,.024293959,-3.7175276,25,24,25,4116,3956,3165,52.599998,52.099998,27.800003,219.60001,219.60001,285.79999
13,KG,NutriGrain,Adult,2.87,.0155,-2.7518098,100,1,0,3.1,2.508,1.55,.2429,1,KG,Adult,2300,7281,17,2200,4981,19,80.400002,17,18,61.400002,164,505.39999,17,164,341.39999,17,50,33,.32929999,.047069542,-3.0561292,25,24,25,4116,4016,3165,52.599998,51.599998,27.800003,219.60001,219.60001,285.79999
10,NB,SpoonSizeShdWt,Adult,2.81,.0208,-2.4576969,170,.5,0,3.05,.025,2.08,.2429,1,NB,Adult,486,7281,3,316,6795,2.2,80.400002,3,1.7,78.200005,9.6000004,505.39999,3,9.6000004,495.79999,3,50,47,.32929999,.063164294,-2.7620161,25,24,25,4116,3946,3165,52.599998,52.099998,27.800003,219.60001,219.60001,285.79999
27,GM,Triples,Adult,2.33,.0112,-3.0767362,120,1,6,2.8,3.036,1.12,.2429,1,GM,Adult,2550,7281,18,2430,4731,32.299999,80.400002,18,31.299999,48.100002,202,505.39999,18,196,303.39999,18,50,32,.32929999,.034011539,-3.3810554,25,24,25,4116,3996,3165,52.599998,51.599998,27.800003,219.60001,213.60001,285.79999
9,PT,GrapeNuts,Adult,2.14,.021199999,-2.4386487,200,1,7,2.29,6.74,2.12,.2429,1,PT,Adult,950,7281,6,750,6331,10.7,80.400002,6,9.6999998,69.700005,66.5,505.39999,6,59.5,438.89999,6,50,44,.32929999,.064378984,-2.7429681,25,24,25,4116,3916,3165,52.599998,51.599998,27.800003,219.60001,212.60001,285.79999
25,KG,LowFatGranola,Adult,2.68,.0117,-3.033061,190,3,12,3.1,2.327,1.17,.2429,1,KG,Adult,2300,7281,17,2110,4981,19,80.400002,17,16,61.400002,164,505.39999,17,152,341.39999,17,50,33,.32929999,.035529912,-3.3373804,25,24,25,4116,3926,3165,52.599998,49.599998,27.800003,219.60001,207.60001,285.79999
37,QK,OatSquares,Adult,2.43,.0093999999,-3.2519403,220,3,9,2.71,1.472,.9399999999999999,.2429,1,QK,Adult,665,7281,4,445,6616,13.5,80.400002,4,10.5,66.900002,47.299999,505.39999,4,38.299999,458.10001,4,50,46,.32929999,.0285454,-3.5562594,25,24,25,4116,3896,3165,52.599998,49.599998,27.800003,219.60001,210.60001,285.79999
3,KG,RiceKrispies,Fam,2.96,.040399998,-1.7938201,120,0,3,3.2,6.034,4.04,.2429,1,KG,Fam,2300,7281,17,2180,4981,19,80.400002,17,19,61.400002,164,505.39999,17,161,341.39999,17,50,33,.30689999,.13163897,-2.0276921,13,12,37,1750,1630,5531,14,14,66.400002,140,137,365.39999
2,GM,Cheerios,Fam,3.16,.0438,-1.713016,110,2,1,3.47,7.287,4.38,.2429,1,GM,Fam,2550,7281,18,2440,4731,32.299999,80.400002,18,30.299999,48.100002,202,505.39999,18,201,303.39999,18,50,32,.30689999,.1427175,-1.9468882,13,12,37,1750,1640,5531,14,12,66.400002,140,139,365.39999
45,GM,Clusters,Fam,3.14,.0077999998,-3.4385262,210,3.5,14,3.52,1.425,.78,.2429,1,GM,Fam,2550,7281,18,2340,4731,32.299999,80.400002,18,28.799999,48.100002,202,505.39999,18,188,303.39999,18,50,32,.30689999,.025415445,-3.6723983,13,12,37,1750,1540,5531,14,10.5,66.400002,140,126,365.39999
7,GM,HoneyNutCheerios,Fam,3.14,.022600001,-2.3746998,120,1.5,11,3.41,4.03,2.26,.2429,1,GM,Fam,2550,7281,18,2430,4731,32.299999,80.400002,18,30.799999,48.100002,202,505.39999,18,191,303.39999,18,50,32,.30689999,.073639624,-2.608572,13,12,37,1750,1630,5531,14,12.5,66.400002,140,129,365.39999
18,KG,CornPops,Fam,3.51,.0146,-2.8116283,120,0,14,3.69,3.198,1.46,.2429,1,KG,Fam,2300,7281,17,2180,4981,19,80.400002,17,19,61.400002,164,505.39999,17,150,341.39999,17,50,33,.30689999,.047572501,-3.0455003,13,12,37,1750,1630,5531,14,14,66.400002,140,126,365.39999
5,KG,RaisinBran,Fam,2.34,.0273,-2.1857631,200,1.5,18,2.5,5.591,2.73,.2429,1,KG,Fam,2300,7281,17,2100,4981,19,80.400002,17,17.5,61.400002,164,505.39999,17,146,341.39999,17,50,33,.30689999,.088954061,-2.4196353,13,12,37,1750,1550,5531,14,12.5,66.400002,140,122,365.39999
46,KG,CinnamonMiniBuns,Fam,2.75,.0076000001,-3.4645016,120,.5,12,3.14,.002,.76,.2429,1,KG,Fam,2300,7281,17,2180,4981,19,80.400002,17,18.5,61.400002,164,505.39999,17,152,341.39999,17,50,33,.30689999,.024763767,-3.6983738,13,12,37,1750,1630,5531,14,13.5,66.400002,140,128,365.39999
31,GM,AppleCinn.Cheerios,Fam,3.02,.0106,-3.1317959,120,2,13,3.35,3.12,1.06,.2429,1,GM,Fam,2550,7281,18,2430,4731,32.299999,80.400002,18,30.299999,48.100002,202,505.39999,18,189,303.39999,18,50,32,.30689999,.034538936,-3.3656681,13,12,37,1750,1630,5531,14,12,66.400002,140,127,365.39999
48,GM,MultiGrainCheerios,Fam,3.34,.0074999998,-3.4777467,110,1,15,3.74,2.52,.75,.2429,1,GM,Fam,2550,7281,18,2440,4731,32.299999,80.400002,18,31.299999,48.100002,202,505.39999,18,187,303.39999,18,50,32,.30689999,.024437927,-3.7116189,13,12,37,1750,1640,5531,14,13,66.400002,140,125,365.39999
15,GM,Wheaties,Fam,2.55,.0152,-2.7713544,110,1,4,2.86,2.257,1.52,.2429,1,GM,Fam,2550,7281,18,2440,4731,32.299999,80.400002,18,31.299999,48.100002,202,505.39999,18,198,303.39999,18,50,32,.30689999,.049527533,-3.0052266,13,12,37,1750,1640,5531,14,13,66.400002,140,136,365.39999
4,KG,FrostedFlakes,Fam,2.52,.038199998,-1.8498144,120,0,13,2.68,7.867,3.82,.2429,1,KG,Fam,2300,7281,17,2180,4981,19,80.400002,17,19,61.400002,164,505.39999,17,151,341.39999,17,50,33,.30689999,.12447051,-2.0836864,13,12,37,1750,1630,5531,14,14,66.400002,140,127,365.39999
1,KG,CornFlakes,Fam,1.81,.056699999,-1.4548757,100,0,2,1.95,7.109,5.67,.2429,1,KG,Fam,2300,7281,17,2200,4981,19,80.400002,17,19,61.400002,164,505.39999,17,162,341.39999,17,50,33,.30689999,.18475074,-1.6887478,13,12,37,1750,1650,5531,14,14,66.400002,140,138,365.39999
16,PT,RaisinBran,Fam,2.23,.0146,-2.8116283,190,1,20,2.57,4.361,1.46,.2429,1,PT,Fam,950,7281,6,760,6331,10.7,80.400002,6,9.6999998,69.700005,66.5,505.39999,6,46.5,438.89999,6,50,44,.30689999,.047572501,-3.0455003,13,12,37,1750,1560,5531,14,13,66.400002,140,120,365.39999
42,QK,CaptCrunch,Kids,2.55,.0082999999,-3.3763943,105,1.5,11.5,2.86,1.714,.83,.2429,1,QK,Kids,665,7281,4,560,6616,13.5,80.400002,4,12,66.900002,47.299999,505.39999,4,35.799999,458.10001,4,50,46,.1215,.068312757,-2.6836588,12,11,38,1415,1310,5866,13.8,12.3,66.599998,145.8,134.3,359.59998
30,GM,LuckyCharms,Kids,3.45,.0108,-3.1131036,120,1,13,3.72,3.079,1.08,.2429,1,GM,Kids,2550,7281,18,2430,4731,32.299999,80.400002,18,31.299999,48.100002,202,505.39999,18,189,303.39999,18,50,32,.1215,.088888891,-2.4203682,12,11,38,1415,1295,5866,13.8,12.8,66.599998,145.8,132.8,359.59998
44,PT,FruityPebbles,Kids,3.21,.0082999999,-3.3763943,110,1,12,3.48,1.71,.83,.2429,1,PT,Kids,950,7281,6,840,6331,10.7,80.400002,6,9.6999998,69.700005,66.5,505.39999,6,54.5,438.89999,6,50,44,.1215,.068312757,-2.6836588,12,11,38,1415,1305,5866,13.8,12.8,66.599998,145.8,133.8,359.59998
49,PT,Honeycomb,Kids,3.4,.0074,-3.4911699,110,0,11,3.67,2.567,.74,.2429,1,PT,Kids,950,7281,6,840,6331,10.7,80.400002,6,10.7,69.700005,66.5,505.39999,6,55.5,438.89999,6,50,44,.1215,.060905349,-2.7984343,12,11,38,1415,1305,5866,13.8,13.8,66.599998,145.8,134.8,359.59998
29,GM,Kix,Kids,3.67,.0108,-3.1131036,120,.8,6,3.93,3.801,1.08,.2429,1,GM,Kids,2550,7281,18,2430,4731,32.299999,80.400002,18,31.5,48.100002,202,505.39999,18,196,303.39999,18,50,32,.1215,.088888891,-2.4203682,12,11,38,1415,1295,5866,13.8,13,66.599998,145.8,139.8,359.59998
50,QK,Popeye,Kids,1.77,.0066999998,-3.5905423,120,1,13.3,1.77,0,.67,.2429,1,QK,Kids,665,7281,4,545,6616,13.5,80.400002,4,12.5,66.900002,47.299999,505.39999,4,34,458.10001,4,50,46,.1215,.055144031,-2.8978069,12,11,38,1415,1295,5866,13.8,12.8,66.599998,145.8,132.5,359.59998
26,GM,Trix,Kids,3.96,.0113,-3.067847,120,1.5,13,4.22,3.236,1.13,.2429,1,GM,Kids,2550,7281,18,2430,4731,32.299999,80.400002,18,30.799999,48.100002,202,505.39999,18,189,303.39999,18,50,32,.1215,.093004115,-2.3751116,12,11,38,1415,1295,5866,13.8,12.3,66.599998,145.8,132.8,359.59998
24,KG,FrootLoops,Kids,3.53,.012,-3.0077431,120,1,15,3.76,3.11,1.2,.2429,1,KG,Kids,2300,7281,17,2180,4981,19,80.400002,17,18,61.400002,164,505.39999,17,149,341.39999,17,50,33,.1215,.098765433,-2.3150077,12,11,38,1415,1295,5866,13.8,12.8,66.599998,145.8,130.8,359.59998
21,GM,CocoaPus,Kids,3.46,.0128,-2.9432046,120,1,14,3.67,2.097,1.28,.2429,1,GM,Kids,2550,7281,18,2430,4731,32.299999,80.400002,18,31.299999,48.100002,202,505.39999,18,188,303.39999,18,50,32,.1215,.10534979,-2.2504692,12,11,38,1415,1295,5866,13.8,12.8,66.599998,145.8,131.8,359.59998
22,GM,GoldenGrahams,Kids,3.24,.0124,-2.9749534,120,1,11,3.54,2.953,1.24,.2429,1,GM,Kids,2550,7281,18,2430,4731,32.299999,80.400002,18,31.299999,48.100002,202,505.39999,18,191,303.39999,18,50,32,.1215,.10205761,-2.2822177,12,11,38,1415,1295,5866,13.8,12.8,66.599998,145.8,134.8,359.59998
41,KG,AppleJacks,Kids,3.64,.0083999997,-3.3644183,120,1,16,3.91,1.465,.84,.2429,1,KG,Kids,2300,7281,17,2180,4981,19,80.400002,17,18,61.400002,164,505.39999,17,148,341.39999,17,50,33,.1215,.0691358,-2.6716826,12,11,38,1415,1295,5866,13.8,12.8,66.599998,145.8,129.8,359.59998
23,GM,Cinn.ToastCrunch,Kids,3.36,.0123,-2.9830506,130,3,10,3.56,2.963,1.23,.2429,1,GM,Kids,2550,7281,18,2420,4731,32.299999,80.400002,18,29.299999,48.100002,202,505.39999,18,192,303.39999,18,50,32,.1215,.10123456,-2.2903152,12,11,38,1415,1285,5866,13.8,10.8,66.599998,145.8,135.8,359.59998
