year,beefq,vealq,bfvlq,porkq,poultq,fishq,cbfvlq,cporkq,cpoultq,cfishq,bfvlp,porkp,poultp,fishp,cpi,pop,pce,xbfvl,xpork,xpoult,xfish,xtotal,xtotal_calc,w_bfvl,w_pork,w_poult,w_fish,share_sum,share_gap,share_problem,diff_xtotal,ln_p_bfvl,lngp_bfvl,ln_p_pork,lngp_pork,ln_p_poult,lngp_poult,ln_p_fish,lngp_fish,wbar_bfvl,wbar_pork,wbar_poult,wbar_fish,lnP_stone,ln_xtotal,ln_real_x,meat_pce_share,d_bfvl_poult,d_pork_poult,d_poult_poult,d_fish_poult,L1_lngp_bfvl,L2_lngp_bfvl,L1_lngp_pork,L2_lngp_pork,L1_lngp_poult,L2_lngp_poult,L1_lngp_fish,L2_lngp_fish,y_bfvl,y_pork,y_fish
1970,84.40908745,2.469830043,86.87891749,55.38551575,40.1262471,11.74336266,212.8533479,103.5709144,42.13255946,34.40805259,43.5,45.4,53.2,31.3,38.84166667,205.052,648.3,92.59120632,47.02119516,22.41452163,10.76972046,172.7966436,172.79664357,0.5358391483020402,0.27211868349139373,0.1297161864195578,0.06232598178700839,1,0,FALSE,-3.00000237984932e-8,3.7727609380946383,-0.9582157718647384,3.8155121050473024,-0.9110993994331151,3.9740583963475986,-0.8116779035669381,3.4436180975461075,-1.338135560905092,0.4671386771893912,0.24231339235157603,0.1741917988835807,0.11635613157545205,3.77988669708772,5.152115432396589,1.3722287353088691,0.26653808972697823,-0.14653786829780024,-0.09942149586617699,0,-0.5264576573381539,NA,NA,NA,NA,NA,NA,NA,NA,0.5358391483020402,0.27211868349139373,0.06232598178700839
1971,83.939645959999993,2.265254381,86.20490034,60.55895793,40.12886625,11.48988014,211.2020058,113.2452513,42.13530957,33.66534881,45.5,41.1,53.5,34.5,40.48333333,207.661,701.6,96.09691266,46.54379829,22.54239062,11.61454534,176.7976469,176.79764691,0.5435418080474723,0.2632602814770121,0.12750390638103543,0.06569400409448017,1,0,FALSE,1.0000007932831068e-8,3.817712325956905,-0.9132643840024719,3.716008121502189,-1.0106033829782284,3.979681653901961,-0.8060546460125759,3.5409593240373143,-1.2407943344138852,0.4671386771893912,0.24231339235157603,0.1741917988835807,0.11635613157545205,3.789079855052521,5.175005840782394,1.3859259857298727,0.2519920851054732,-0.10720973798989597,-0.20454873696565246,0,-0.4347396884013093,-0.9582157718647384,NA,-0.9110993994331151,NA,-0.8116779035669381,NA,-1.338135560905092,NA,0.5435418080474723,0.2632602814770121,0.06569400409448017
1972,85.29386198,1.931133228,87.22499521,54.66486863,41.45498401,12.49190075,213.7012383,102.2233043,43.52773321,36.6012692,49.7,47.6,54.2,37.6,41.80833333,209.896,770.2,106.2095154,48.65829287,23.5920314,13.76207722,192.2219169,192.22191689000002,0.5525359288804665,0.2531360297371551,0.12273330628317822,0.07159473509920006,1,0,FALSE,-9.999979511121637e-9,3.906004933102583,-0.8249717768567937,3.8628327612373745,-0.863778743243043,3.9926809084456005,-0.7930553914689362,3.6270040503958487,-1.1547496080553508,0.4671386771893912,0.24231339235157603,0.1741917988835807,0.11635613157545205,3.878178518329836,5.258650521720818,1.3804720033909819,0.24957402868086212,-0.03191638538785746,-0.07072335177410682,0,-0.36169421658641454,-0.9132643840024719,-0.9582157718647384,-1.0106033829782284,-0.9110993994331151,-0.8060546460125759,-0.8116779035669381,-1.2407943344138852,-1.338135560905092,0.5525359288804665,0.2531360297371551,0.07159473509920006
1973,80.51974526,1.512032051,82.03177731,48.74997506,39.84086565,12.74131821,200.9778544,91.16245335,41.83290894,37.33206235,59.6,63.3,76,43.1,44.425,211.909,852,119.7828012,57.70583297,31.79301079,16.09011887,225.3717639,225.37176383000002,0.5314898333508773,0.25604730596832015,0.14106918386627065,0.07139367681453176,0.9999999999999999,-1.1102230246251565e-16,FALSE,-6.999997026468918e-8,4.087655574071304,-0.6433211358880726,4.147885329150131,-0.5787261753302868,4.330733340286331,-0.4550029596282057,3.763522997109702,-1.0182306613414975,0.4671386771893912,0.24231339235157603,0.1741917988835807,0.11635613157545205,4.106877390937722,5.417751322374355,1.3108739314366327,0.26452084956572774,-0.1883181762598669,-0.12372321570208111,0,-0.5632277017132918,-0.8249717768567937,-0.9132643840024719,-0.863778743243043,-1.0106033829782284,-0.7930553914689362,-0.8060546460125759,-1.1547496080553508,-1.2407943344138852,0.5314898333508773,0.25604730596832015,0.07139367681453176
1974,85.60552823,1.987219973,87.5927482,52.71794647,39.6991035,12.06898164,214.6022331,98.5825599,41.68405868,35.36211621,61.3,63,72.1,49.7,49.31666667,213.854,932.9,131.5511689,62.10701274,30.05420631,17.57497176,241.2873597,241.28735971000003,0.5452053893668924,0.2573985343229151,0.12455773210052005,0.0728383442096723,0.9999999999999998,-2.220446049250313e-16,FALSE,1.0000036354540498e-8,4.115779842942166,-0.615196867017211,4.143134726391533,-0.583476778088885,4.278054044290903,-0.5076822556236333,3.906004933102583,-0.8757487253486165,0.4671386771893912,0.24231339235157603,0.1741917988835807,0.11635613157545205,4.126266535582974,5.4859885871312475,1.3597220515482737,0.2586422550219745,-0.10751461139357765,-0.07579452246525165,0,-0.36806646972498314,-0.6433211358880726,-0.8249717768567937,-0.5787261753302868,-0.863778743243043,-0.4550029596282057,-0.7930553914689362,-1.0182306613414975,-1.1547496080553508,0.5452053893668924,0.2573985343229151,0.0728383442096723
1975,88.16022004,3.451071847,91.61129189,42.89965264,38.68584925,12.13577623,224.4476651,80.22235044,40.62014171,35.55782436,61.9,77.1,79.7,53.9,53.825,215.973,1033.8,138.9331047,61.85143219,32.37425294,19.16566733,252.3244572,252.32445715999998,0.5506129142760899,0.24512658378882293,0.1283040625723861,0.07595643936270106,1,0,FALSE,-4.000003173132427e-8,4.12552017969055,-0.6054565302688264,4.345103280569283,-0.38150822391113426,4.378269585796169,-0.40746671411836743,3.9871304779149512,-0.7946231805362483,0.4671386771893912,0.24231339235157603,0.1741917988835807,0.11635613157545205,4.20665248913536,5.530715787770187,1.3240632986348269,0.24407473124395435,-0.19798981615045896,0.025958490207233176,0,-0.3871564664178808,-0.615196867017211,-0.6433211358880726,-0.583476778088885,-0.5787261753302868,-0.5076822556236333,-0.4550029596282057,-0.8757487253486165,-1.0182306613414975,0.5506129142760899,0.24512658378882293,0.07595643936270106
1976,94.12567447,3.283801821,97.40947629,45.12382214,42.02227147,12.86032059,238.6532169,84.38154739,44.12338504,37.68073933,59.9,78.1,76.4,60.2,56.93333333,218.035,1151.3,142.9532769,65.90198852,33.71026617,22.68380508,265.2493367,265.24933667,0.5389392437118512,0.2484529814375728,0.12708897444648226,0.08551880040409376,1,0,FALSE,-3.00000237984932e-8,4.092676505121403,-0.6383002048379733,4.35799005684564,-0.36862144763477733,4.335982696172475,-0.44975360374206197,4.097672352314776,-0.6840813061364237,0.4671386771893912,0.24231339235157603,0.1741917988835807,0.11635613157545205,4.19992877242861,5.580670276718109,1.3807415042894995,0.23039115492921045,-0.18854660109591137,0.08113215610728464,0,-0.23432770239436174,-0.6054565302688264,-0.615196867017211,-0.38150822391113426,-0.583476778088885,-0.40746671411836743,-0.5076822556236333,-0.7946231805362483,-0.8757487253486165,0.5389392437118512,0.2484529814375728,0.08551880040409376
1977,91.54518936,3.183373481,94.72856284,46.6806568,42.71486449,12.64081294,232.084979,87.29282822,44.85060771,37.0375819,59.5,73.9,76.9,66.7,60.61666667,220.239,1277.8,138.0905625,64.50940006,34.49011733,24.70406713,261.794147,261.79414701999997,0.5274776539960249,0.24641269025419335,0.1317451811761288,0.09436447457365314,1,0,FALSE,1.9999959022243274e-8,4.085976312551584,-0.6450003974077925,4.302712827954156,-0.4238986765262611,4.3425058765115985,-0.4432304234029383,4.200204952921578,-0.5815487055296211,0.4671386771893912,0.24231339235157603,0.1741917988835807,0.11635613157545205,4.196471021766833,5.567558496541393,1.3710874747745603,0.2048788128189075,-0.2017699740048542,0.01933174687667716,0,-0.13831828212668285,-0.6383002048379733,-0.6054565302688264,-0.36862144763477733,-0.38150822391113426,-0.44975360374206197,-0.40746671411836743,-0.6840813061364237,-0.7946231805362483,0.5274776539960249,0.24641269025419335,0.09436447457365314
1978,87.12660469,2.429266828,89.55587152,46.54530326,44.74533342,13.37017319,219.4118852,87.0397171,46.98260009,39.17460745,73.1,83.4,84.9,73,65.24166667,222.585,1427.6,160.3900881,72.59112406,39.88822748,28.59746344,301.4669031,301.46690308,0.5320321616115764,0.24079301348956558,0.13231378659638432,0.09486103830247367,1,0,FALSE,-2.0000015865662135e-8,4.291828366755733,-0.4391483432036436,4.423648309364701,-0.30296319511571657,4.441474093317302,-0.34426220659723494,4.290459441148391,-0.49129421730280853,0.4671386771893912,0.24231339235157603,0.1741917988835807,0.11635613157545205,4.349677879645817,5.708660235945924,1.3589823563001069,0.21117042804707203,-0.09488613660640866,0.04129901148151838,0,-0.1470320107055736,-0.6450003974077925,-0.6383002048379733,-0.4238986765262611,-0.36862144763477733,-0.4432304234029383,-0.44975360374206197,-0.5815487055296211,-0.6840813061364237,0.5320321616115764,0.24079301348956558,0.09486103830247367
1979,77.94721047,1.680956251,79.62816672,53.16172855,47.67512457,12.98349292,195.0890085,99.41243239,50.0588808,38.04163427,93.1,84.7,89.1,80.1,72.58333333,225.055,1591.2,181.6278669,84.20233023,44.6024628,30.47134905,340.904009,340.90400898,0.5327830184321934,0.2469971839930458,0.1308358412488388,0.08938395632592187,0.9999999999999999,-1.1102230246251565e-16,FALSE,-1.9999959022243274e-8,4.533674184283021,-0.19730252567635542,4.439115601658009,-0.28749590282240867,4.489759334476764,-0.29597696543777285,4.383275854074314,-0.39847780437688574,0.4671386771893912,0.24231339235157603,0.1741917988835807,0.11635613157545205,4.485611998767251,5.831600939062976,1.345988940295725,0.21424334400452488,0.09867443976141743,0.008481062615364188,0,-0.10250083893911288,-0.4391483432036436,-0.6450003974077925,-0.30296319511571657,-0.4238986765262611,-0.34426220659723494,-0.4432304234029383,-0.49129421730280853,-0.5815487055296211,0.5327830184321934,0.2469971839930458,0.08938395632592187
1980,76.40665108,1.527633577,77.93428466,56.77957902,47.35858538,12.41404144,190.9389974,106.1778128,49.72651465,36.37314141,98.4,81.9,93.7,87.5,82.38333333,227.726,1755.8,187.8839735,86.95962866,46.59374423,31.82649873,353.2638451,353.26384512000004,0.5318516912937348,0.2461605676925719,0.13189502654644036,0.09009271446725285,0.9999999999999999,-1.1102230246251565e-16,FALSE,2.0000015865662135e-8,4.589040804058207,-0.14193590590116933,4.405498990859024,-0.3211125136213937,4.540098189244376,-0.24563811067016061,4.471638793363569,-0.3101148650876304,0.4671386771893912,0.24231339235157603,0.1741917988835807,0.11635613157545205,4.522380318743458,5.867215214342237,1.3448348955987788,0.2011982259482857,0.10370220476899128,-0.07547440295123309,0,-0.0644767544174698,-0.19730252567635542,-0.4391483432036436,-0.28749590282240867,-0.30296319511571657,-0.29597696543777285,-0.34426220659723494,-0.39847780437688574,-0.49129421730280853,0.5318516912937348,0.2461605676925719,0.09009271446725285
1981,77.15514484,1.62577368,78.78091852,54.18731813,48.70503583,12.58012054,193.0132504,101.3302849,51.14028762,36.85975318,99.2,89.5,97.5,94.8,90.93333333,229.966,1939.5,191.4691444,90.69060498,49.86178043,34.94304602,366.9645758,366.96457583,0.5217646525333824,0.24713721964818025,0.13587627720529344,0.09522185061314395,1,0,FALSE,3.00000237984932e-8,4.597138014290827,-0.13383869566854933,4.4942386252808095,-0.23237287919960803,4.579852378003801,-0.20588392191073535,4.551769409260976,-0.2299842491902231,0.4671386771893912,0.24231339235157603,0.1741917988835807,0.11635613157545205,4.563914182812973,5.905265319771887,1.341351136958914,0.1892057622222222,0.07204522624218601,-0.026488957288872683,0,-0.024100327279487743,-0.14193590590116933,-0.19730252567635542,-0.3211125136213937,-0.28749590282240867,-0.24563811067016061,-0.29597696543777285,-0.3101148650876304,-0.39847780437688574,0.5217646525333824,0.24713721964818025,0.09522185061314395
1982,76.8662209,1.661827739,78.52804864,48.61679242,48.94580157,12.39512809,192.3937192,90.91340182,51.39309165,36.31772529,100.6,101,95.8,98.2,96.53333333,232.188,2075.5,193.5480815,91.82253584,49.2345818,35.66400624,370.2692054,370.26920537999996,0.5227225993621734,0.2479885837272488,0.13296969092925653,0.09631912598132145,1.0000000000000002,2.220446049250313e-16,FALSE,-2.0000015865662135e-8,4.611152257665639,-0.11982445229373795,4.61512051684126,-0.11149098763915788,4.562262684976814,-0.22347361493772233,4.58700621536042,-0.19474744309077963,0.4671386771893912,0.24231339235157603,0.1741917988835807,0.11635613157545205,4.600788117319405,5.9142303231868345,1.313442205867429,0.17840000259214644,0.10364916264398438,0.11198262729856445,0,0.028726171846942705,-0.13383869566854933,-0.14193590590116933,-0.23237287919960803,-0.3211125136213937,-0.20588392191073535,-0.24563811067016061,-0.2299842491902231,-0.3101148650876304,0.5227225993621734,0.2479885837272488,0.09631912598132145
1983,78.52750108,1.646388368,80.17388944,51.30998938,49.02600087,13.30305966,196.4260291,95.94968014,51.47730091,38.97796481,99.1,100.1,97,99.3,99.58333333,234.307,2288.6,194.6581949,96.04562982,49.93298189,38.70511905,379.3419256,379.34192566,0.5131470626699723,0.2531901256442839,0.131630538341165,0.10203227334457877,1,0,FALSE,5.999999075356754e-8,4.596129441335942,-0.13484726862343432,4.6061696863211745,-0.12044181815924304,4.574710978503383,-0.21102532141115393,4.598145571051127,-0.1836080874000725,0.4671386771893912,0.24231339235157603,0.1741917988835807,0.11635613157545205,4.595065995642643,5.938437976886414,1.343371981243771,0.1657528295289697,0.07617805278771961,0.09058350325191089,0,0.027417234011081426,-0.11982445229373795,-0.13383869566854933,-0.11149098763915788,-0.23237287919960803,-0.22347361493772233,-0.20588392191073535,-0.19474744309077963,-0.2299842491902231,0.5131470626699723,0.2531901256442839,0.10203227334457877
1984,78.27819064,1.782792949,80.06098359,51.03045585,50.89452357,14.1063178,196.1494098,95.42695244,53.43924975,41.33151116,100.3,98.8,107.3,102.5,103.9333333,236.348,2501.1,196.737858,94.28182901,57.34031498,42.36479894,390.724801,390.72480093,0.5035202718939933,0.2412998324795128,0.14675371218698954,0.10842618343950435,1,0,FALSE,-6.999999868639861e-8,4.60816569496789,-0.12281101499148672,4.593097604753822,-0.13351389972659522,4.675628649636653,-0.11010765027788416,4.629862798578463,-0.15189085987273643,0.4671386771893912,0.24231339235157603,0.1741917988835807,0.11635613157545205,4.618790579386131,5.968003478239357,1.3492128988532262,0.15622118305145738,-0.01270336471360256,-0.02340624944871106,0,-0.041783209594852266,-0.13484726862343432,-0.11982445229373795,-0.12044181815924304,-0.11149098763915788,-0.21102532141115393,-0.22347361493772233,-0.1836080874000725,-0.19474744309077963,0.5035202718939933,0.2412998324795128,0.10842618343950435
1985,79.04589462,1.853384623,80.89927924,51.46219809,52.47301889,15.00842887,198.2032341,96.23431043,55.09666984,43.9746966,98.2,99.1,106.2,107.5,107.6,238.466,2717.6,194.6355759,95.36820164,58.51266337,47.27279885,395.7892398,395.78923976,0.49176570848167517,0.2409570348547871,0.14783793365752212,0.11943932300601563,1,0,FALSE,-4.000003173132427e-8,4.58700621536042,-0.14397049459895683,4.596129441335942,-0.1304820631444752,4.665324108807838,-0.12041219110669843,4.677490847567717,-0.10426281088348244,0.4671386771893912,0.24231339235157603,0.1741917988835807,0.11635613157545205,4.613387671710786,5.980881846745356,1.3674941750345697,0.1456392551368855,-0.023558303492258403,-0.010069872037776761,0,0.016149380223215992,-0.12281101499148672,-0.13484726862343432,-0.13351389972659522,-0.12044181815924304,-0.11010765027788416,-0.21102532141115393,-0.15189085987273643,-0.1836080874000725,0.49176570848167517,0.2409570348547871,0.11943932300601563
1986,78.67360304,1.895036633,80.56863967,48.56563467,53.14145254,15.42067143,197.3931672,90.81773684,55.79852517,45.18256729,98.8,107.2,114.2,117.4,109.6916667,240.651,2896.7,195.0244492,97.35661389,63.72191574,53.04433399,409.1473128,409.14731281999997,0.47666071140933763,0.23795002640731266,0.1557432097031364,0.12964605248021338,1,0,FALSE,1.9999959022243274e-8,4.593097604753822,-0.13787910520555435,4.674696248636701,-0.051915255843716146,4.73795129722191,-0.047785002692626755,4.765586907393996,-0.01616675105720322,0.4671386771893912,0.24231339235157603,0.1741917988835807,0.11635613157545205,4.658172562223674,6.014075269238271,1.3559027070145966,0.1412460084993268,-0.0900941025129276,-0.004130253151089391,0,0.03161825163542353,-0.14397049459895683,-0.12281101499148672,-0.1304820631444752,-0.13351389972659522,-0.12041219110669843,-0.11010765027788416,-0.10426281088348244,-0.15189085987273643,0.47666071140933763,0.23795002640731266,0.12964605248021338
1987,73.70158602,1.536874017,75.23846004,48.78308983,56.60878688,16.09940528,184.3342271,91.22437798,59.43922622,47.17125748,106.3,116,112.6,129.9,113.6166667,242.804,3097,195.9472834,105.8202785,66.92856872,61.27546346,429.9715941,429.97159408000005,0.45572146183113266,0.24610992902082549,0.15565811705121,0.14251049209683175,0.9999999999999999,-1.1102230246251565e-16,FALSE,-1.9999959022243274e-8,4.666265285347902,-0.06471142461147483,4.7535901911063645,0.026978686625946935,4.72384171570559,-0.06189458420894667,4.866764923676554,0.0850112652253543,0.4671386771893912,0.24231339235157603,0.1741917988835807,0.11635613157545205,4.720783983774517,6.063719146226462,1.342935162451945,0.13883487054568938,-0.0028168404025281646,0.0888732708348936,0,0.14690584943430096,-0.13787910520555435,-0.14397049459895683,-0.051915255843716146,-0.1304820631444752,-0.047785002692626755,-0.12041219110669843,-0.01616675105720322,-0.10426281088348244,0.45572146183113266,0.24610992902082549,0.14251049209683175
1988,72.47299973,1.387026441,73.86002618,52.07869512,56.65873752,15.14155929,180.9570641,97.38715987,59.49167439,44.36476873,112.1,112.5,120.7,137.4,118.275,245.021,3350.1,202.8528689,109.5605549,71.80645099,60.95719224,445.177067,445.17706703000005,0.45566783179855475,0.24610556790567295,0.16129862993405505,0.1369279703617171,0.9999999999999999,-1.1102230246251565e-16,FALSE,3.00000237984932e-8,4.719391330078114,-0.011585379881262625,4.722953221644475,-0.0036582828359428277,4.793308128103486,0.00757182818894897,4.922896379788249,0.14114272133704908,0.4671386771893912,0.24231339235157603,0.1741917988835807,0.11635613157545205,4.756809184462843,6.0984721064618626,1.3416629219990197,0.13288471001761143,-0.019157208070211595,-0.011230111024891798,0,0.1335708931481001,-0.06471142461147483,-0.13787910520555435,0.026978686625946935,-0.051915255843716146,-0.06189458420894667,-0.047785002692626755,0.0850112652253543,-0.01616675105720322,0.45566783179855475,0.24610556790567295,0.1369279703617171
1989,68.85509718,1.196322541,70.05141972,51.52208499,57.7848371,15.55336336,171.6259783,96.34629893,60.67407895,45.57135464,119.3,113.2,132.7,143.6,123.9416667,247.342,3594.5,204.7497921,109.0640104,80.514502770000007,65.44046527,459.7687705,459.76877054,0.445332100002183,0.23721491625432486,0.17511955558755207,0.1423334281559401,1,0,FALSE,3.999997488790541e-8,4.78164132910387,0.05066461914449327,4.729156165769083,0.00254466128866504,4.888090941338162,0.10235464142362538,4.9670316566141235,0.185277998162924,0.4671386771893912,0.24231339235157603,0.1741917988835807,0.11635613157545205,4.809037421914242,6.130723690361714,1.321686268447472,0.12790896384476283,-0.05169002227913211,-0.09980998013496034,0,0.08292335673929863,-0.011585379881262625,-0.06471142461147483,-0.0036582828359428277,0.026978686625946935,0.00757182818894897,-0.06189458420894667,0.14114272133704908,0.0850112652253543,0.445332100002183,0.23721491625432486,0.1423334281559401
1990,67.53533528,1.079837526,68.61517281,49.36581939,60.63333557,14.94410951,168.1071734,92.31408227,63.66500235,43.78624086,128.8,129.8,132.5,146.7,130.6583333,250.132,3835.5,216.5220393,119.8236788,84.35612811,64.23441535,484.9362615,484.93626156,0.4464958726812188,0.24709160419255324,0.17395302186442665,0.13245950126180125,1,0,FALSE,5.999999075356754e-8,4.858260813670253,0.12728410371087673,4.86599480426999,0.1393832997895723,4.886582645426277,0.10084634551173988,4.9883896851489355,0.20663602669773606,0.4671386771893912,0.24231339235157603,0.1741917988835807,0.11635613157545205,4.88020958608169,6.1840174628372715,1.3038078767555819,0.12643364921392256,0.02643775819913685,0.038536954277832436,0,0.10578968118599619,0.05066461914449327,-0.011585379881262625,0.00254466128866504,-0.0036582828359428277,0.10235464142362538,0.00757182818894897,0.185277998162924,0.14114272133704908,0.4464958726812188,0.24709160419255324,0.13245950126180125
1991,66.39903076,0.997039248,67.39607001,49.77866008,62.9320104,14.76963861,165.1203715,93.08609436,66.07861092,43.27504113,132.4,134.1,131.5,148.3,136.1666667,253.493,3980.1,218.6193719,124.8284525,86.89337336,64.17688599,494.5180838,494.51808375,0.4420856973362402,0.2524244443265013,0.17571323722092297,0.12977662111633548,0.9999999999999999,-1.1102230246251565e-16,FALSE,-4.999998282073648e-8,4.885827643502908,0.15485093354353108,4.898585790287632,0.17197428580721486,4.879006851617819,0.09327055170328258,4.999237249143887,0.2174835906926873,0.4671386771893912,0.24231339235157603,0.1741917988835807,0.11635613157545205,4.9009268903180425,6.203583720161551,1.3026568298435084,0.12424765301123088,0.0615803818402485,0.07870373410393228,0,0.12421303898940472,0.12728410371087673,0.05066461914449327,0.1393832997895723,0.00254466128866504,0.10084634551173988,0.10235464142362538,0.20663602669773606,0.185277998162924,0.4420856973362402,0.2524244443265013,0.12977662111633548
1992,65.9007217,1.008042228,66.90876393,52.30948173,66.46149674,14.60524574,163.9264716,97.81873084,69.78457158,42.79337003,132.3,127.8,131.4,151.7,140.3083333,256.894,4236.9,216.874722,125.012338,91.69692705,64.91754233,498.5015293,498.50152938,0.43505327309573755,0.25077623764862117,0.18394512683651337,0.13022536241912783,1,0,FALSE,8.000000661922968e-8,4.88507207112091,0.15409536116153344,4.850466541943434,0.12385503746301652,4.8782461060505105,0.0925098061359737,5.021904886354487,0.24015122790328736,0.4671386771893912,0.24231339235157603,0.1741917988835807,0.11635613157545205,4.891418997870223,6.211606657361078,1.3201876594908555,0.11765713832755081,0.061585555025559735,0.03134523132704281,0,0.14764142176731365,0.15485093354353108,0.12728410371087673,0.17197428580721486,0.1393832997895723,0.09327055170328258,0.10084634551173988,0.2174835906926873,0.20663602669773606,0.43505327309573755,0.25077623764862117,0.13022536241912783
1993,64.40145242,0.912105435,65.31355786,51.59816334,68.95296349,14.78165645,160.0182167,96.48856545,72.40061167,43.31025341,137.1,131.7,136.9,156.6,144.475,260.255,4483.6,219.3849752,127.0754407,99.11643737,67.82385683,513.4007101,513.4007101,0.4273172414531104,0.24751707233760603,0.19305862929308015,0.1321070569162035,1,0,FALSE,0,4.920710586568268,0.18973387660889163,4.880526608749236,0.15391510426881805,4.919250732294404,0.13351443237986693,5.053694783556702,0.27194112510550283,0.4671386771893912,0.24231339235157603,0.1741917988835807,0.11635613157545205,4.9261927026649275,6.241056651568144,1.3148639489032163,0.11450635875189578,0.056219444229024695,0.020400671888951116,0,0.1384266927256359,0.15409536116153344,0.15485093354353108,0.12385503746301652,0.17197428580721486,0.0925098061359737,0.09327055170328258,0.24015122790328736,0.2174835906926873,0.4273172414531104,0.24751707233760603,0.1321070569162035
1994,66.13997328,0.913694408,67.05366768,52.13276849,69.69150002,14.95999028,164.2814858,97.48827708,73.17607502,43.83277153,136,133.9,141.5,163.7,148.225,263.436,4750.8,223.4228207,130.536803,103.5441462,71.75424699,529.2580169,529.2580168899999,0.4221434793049829,0.24664114445928279,0.19564020363534793,0.13557517260038648,1.0000000000000002,2.220446049250313e-16,FALSE,-1.000012161966879e-8,4.912654885736052,0.18167817577667567,4.897093252697127,0.17048174821670958,4.952299717083292,0.16656341716875556,5.098035484377089,0.3162818259258895,0.4671386771893912,0.24231339235157603,0.1741917988835807,0.11635613157545205,4.937360067459684,6.271476057543141,1.3341159900834567,0.11140397762271614,0.015114758607920109,0.003918331047954027,0,0.14971840875713394,0.18973387660889163,0.15409536116153344,0.15391510426881805,0.12385503746301652,0.13351443237986693,0.0925098061359737,0.27194112510550283,0.24015122790328736,0.4221434793049829,0.24664114445928279,0.13557517260038648
1995,66.40067603,0.993295993,67.39397202,51.47811838,68.88571675,14.75106638,165.1152315,96.26408136,72.33000259,43.22062448,134.9,134.8,143.5,171.6,152.3833333,266.557,4987.3,222.7404472,129.7639817,103.7935537,74.16659161,530.4645742,530.46457421,0.4198969319142915,0.24462327553777247,0.19566538228226768,0.13981441026566832,1,0,FALSE,1.0000007932831068e-8,4.90453376321371,0.17355705325433313,4.9037921984782065,0.1771806939977889,4.966335035199676,0.18059873528513926,5.145166187053862,0.3634125286026624,0.4671386771893912,0.24231339235157603,0.1741917988835807,0.11635613157545205,4.943118404857196,6.2737531777092945,1.3306347728520986,0.10636307705772663,-0.007041682030806129,-0.0034180412873503485,0,0.18281379331752312,0.18167817577667567,0.18973387660889163,0.17048174821670958,0.15391510426881805,0.16656341716875556,0.13351443237986693,0.3162818259258895,0.27194112510550283,0.4198969319142915,0.24462327553777247,0.13981441026566832
1996,66.98446603,1.163434903,68.14790093,48.13400231,69.72490145,14.48082264,166.9623573,90.01058431,73.21114653,42.42881035,134.5,148.2,152.4,173.1,156.8583333,269.667,5273.6,224.5643705,133.395686,111.5737873,73.44427071,542.9781145,542.97811451,0.4135790458196529,0.24567414861716913,0.20548487004985017,0.13526193551332794,1.0000000000000002,2.220446049250313e-16,FALSE,1.0000007932831068e-8,4.901564199041894,0.17058748908251697,4.998562712861986,0.2719512083815685,5.026508643252546,0.24077234333800934,5.153869462182164,0.3721158037309644,0.4671386771893912,0.24231339235157603,0.1741917988835807,0.11635613157545205,4.976189799871392,6.297069014351879,1.3208792144804873,0.10296156600993626,-0.07018485425549237,0.031178865043559156,0,0.13134346039295508,0.17355705325433313,0.18167817577667567,0.1771806939977889,0.17048174821670958,0.18059873528513926,0.16656341716875556,0.3634125286026624,0.3162818259258895,0.4135790458196529,0.24567414861716913,0.13526193551332794
1997,65.53035411,1.012744035,66.54309814,47.61854371,71.37979275,14.25001466,163.0305904,89.04667673,74.94878239,41.75254294,136.8,155.9,156.6,177.1,160.525,272.912,5570.6,223.0258477,138.823769,117.3697932,73.94375355,553.1631635,553.16316345,0.4031827540883589,0.2509635098153968,0.21217933686686818,0.13367439922937624,1,0,FALSE,-5.000003966415534e-8,4.918520005188451,0.18754329522907387,5.049214776063731,0.32260327158331314,5.053694783556702,0.26795848364216557,5.176714544788788,0.3949608863375884,0.4671386771893912,0.24231339235157603,0.1741917988835807,0.11635613157545205,5.003777954111308,6.315653009449871,1.3118750553385636,0.09930046376512403,-0.0804151884130917,0.05464478794114758,0,0.12700240269542284,0.17058748908251697,0.17355705325433313,0.2719512083815685,0.1771806939977889,0.24077234333800934,0.18059873528513926,0.3721158037309644,0.3634125286026624,0.4031827540883589,0.2509635098153968,0.13367439922937624
1998,66.50526049,0.796588378,67.30184887,51.28179201,71.94861923,14.49396085,164.8895297,95.89695105,75.5460502,42.46730529,136.5,148.5,157.1,181.7,163.0083333,276.115,5918.5,225.0742081,142.4069723,118.6828449,77.16309371,563.327119,563.3271190099999,0.3995444218903379,0.25279623063464135,0.21068193043604067,0.1369774170389802,1.0000000000000002,2.220446049250313e-16,FALSE,9.999894245993346e-9,4.916324614625014,0.18534790466563766,5.000584958242754,0.27397345376233684,5.056882545261575,0.2711462453470386,5.202356975402125,0.4206033169509258,0.4671386771893912,0.24231339235157603,0.1741917988835807,0.11635613157545205,4.994507682118094,6.3338604878449685,1.3393528057268744,0.0951807246785503,-0.08579834068140091,0.0028272084152982657,0,0.14945707160388721,0.18754329522907387,0.17058748908251697,0.32260327158331314,0.2719512083815685,0.26795848364216557,0.24077234333800934,0.3949608863375884,0.3721158037309644,0.3995444218903379,0.25279623063464135,0.1369774170389802
1999,67.31298448,0.698365527,68.01135001,52.51166258,76.43584036,14.84809968,166.6278075,98.19680902,80.25763238,43.50493206,139.2,145.9,157.9,185.3,166.5833333,279.295,6342.8,231.9459081,143.2691444,126.7268015,80.61463911,582.5564931,582.5564931099999,0.39815178586671995,0.24593176128748,0.21753564332184191,0.13838080952395826,1,0,FALSE,9.999894245993346e-9,4.935911747900319,0.2049350379409427,4.98292145552874,0.25630995104832266,5.061961921261596,0.2762256213470593,5.221976133291314,0.44022247484011423,0.4671386771893912,0.24231339235157603,0.1741917988835807,0.11635613157545205,5.002545081342211,6.367426164617052,1.3648810832748408,0.09184531959229361,-0.0712905834061166,-0.019915670298736643,0,0.16399685349305493,0.18534790466563766,0.18754329522907387,0.27397345376233684,0.32260327158331314,0.2711462453470386,0.26795848364216557,0.4206033169509258,0.3949608863375884,0.39815178586671995,0.24593176128748,0.13838080952395826
2000,67.53292281,0.661289009,68.19421182,50.84339756,77.37319241,15.19459779,167.075819,95.07715343,81.24185203,44.52017153,148.1,156.5,159.8,190.4,172.1916667,282.385,6830.4,247.4392879,148.7957451,129.8244795,84.76640659,610.8259191,610.82591909,0.40508969931831257,0.24359762814530506,0.2125392447219835,0.13877342781439894,1,0,FALSE,-1.0000007932831068e-8,4.997887721273753,0.26691101131437645,5.0530560099802075,0.32644450549979,5.073923033332174,0.28818673341763734,5.249127122357265,0.4673734639060658,0.4671386771893912,0.24231339235157603,0.1741917988835807,0.11635613157545205,5.053733709055987,6.414812007103616,1.3610782980476293,0.08942754730176856,-0.021275722103260897,0.03825777208215264,0,0.17918673048842848,0.2049350379409427,0.18534790466563766,0.25630995104832266,0.27397345376233684,0.2762256213470593,0.2711462453470386,0.44022247484011423,0.4206033169509258,0.40508969931831257,0.24359762814530506,0.13877342781439894
2001,66.02695078,0.593407749,66.62035853,49.97283894,77.04161424,14.70902623,163.2198784,93.44920882,80.89369496,43.09744686,160.5,162.4,164.9,191.1,177.0416667,285.267,7148.8,261.9679048,151.7615151,133.393703,82.35922095,629.4823439,629.48234385,0.4161640232794593,0.2410893912795168,0.21191015808981373,0.13083642735121012,1,0,FALSE,-5.000003966415534e-8,5.07829394257007,0.3473172326106937,5.0900624277275774,0.3634509232471599,5.105339229565553,0.31960292965101633,5.252796851246227,0.4710431927950278,0.4671386771893912,0.24231339235157603,0.1741917988835807,0.11635613157545205,5.1061611547267125,6.444897805195898,1.338736650469185,0.08805426698886526,0.02771430295967736,0.04384799359614355,0,0.1514402631440115,0.26691101131437645,0.2049350379409427,0.32644450549979,0.25630995104832266,0.28818673341763734,0.2762256213470593,0.4673734639060658,0.44022247484011423,0.4161640232794593,0.2410893912795168,0.13083642735121012
2002,67.47751686,0.58747606,68.06499292,51.28262137,81.00736947,15.61329003,166.7592327,95.89850196,85.05773795,45.7469398,160.6,161.8,167,188.1,179.8666667,288.028,7439.2,267.8153277,155.1637762,142.0464224,86.04999375,651.0755199,651.07552005,0.4113429540085194,0.2383191679332131,0.2181719601269779,0.1321659179312896,1,0,FALSE,1.500000053056283e-7,5.078916801512661,0.3479400915532844,5.086361004624392,0.3597495001439741,5.117993812416755,0.3322575125022187,5.236973736306985,0.45522007785578555,0.4671386771893912,0.24231339235157603,0.1741917988835807,0.11635613157545205,5.105918419947737,6.478625641701566,1.3727072217538288,0.08751956124986558,0.015682579051065737,0.027491987641755422,0,0.12296256535356687,0.3473172326106937,0.26691101131437645,0.3634509232471599,0.32644450549979,0.31960292965101633,0.28818673341763734,0.4710431927950278,0.4673734639060658,0.4113429540085194,0.2383191679332131,0.1321659179312896
2003,64.75583553,0.581549457,65.33738499,51.5424783,82.02960284,16.31459794,160.0765932,96.38443443,86.13108298,47.80177197,175.1,164.9,169.1,190,183.9666667,290.704,7804,280.2941147,158.9379324,145.6476613,90.82336674,675.7030752,675.70307514,0.4148184683663389,0.2352186015537511,0.21554979791948267,0.13441313216042736,1,0,FALSE,-5.999993391014868e-8,5.165357239291806,0.43438052933242943,5.105339229565553,0.3787277250851355,5.130490255904535,0.34475395598999814,5.247024072160486,0.4652704137092867,0.4671386771893912,0.24231339235157603,0.1741917988835807,0.11635613157545205,5.154242965945594,6.515753741591135,1.3615107756455416,0.08658419722450025,0.08962657334243129,0.033973769095137385,0,0.12051645771928854,0.3479400915532844,0.3473172326106937,0.3597495001439741,0.3634509232471599,0.3322575125022187,0.31960292965101633,0.45522007785578555,0.4710431927950278,0.4148184683663389,0.2352186015537511,0.13441313216042736
2004,65.83726881,0.499850293,66.3371191,50.9231188,84.50354192,16.51537216,162.5259418,95.22623215,88.72871902,48.39004042,195.3,174.2,181.7,194.3,188.9,293.31,8285.1,317.4131643,165.8840964,161.2200825,94.02184854,738.5391917,738.53919174,0.42978513239381905,0.22461109478723357,0.21829590670762525,0.12730786611132214,1,0,FALSE,4.000003173132427e-8,5.274536837882633,0.5435601279232563,5.160204064418402,0.43359255993798484,5.202356975402125,0.4166206754875885,5.269403356383394,0.4876496979321949,0.4671386771893912,0.24231339235157603,0.1741917988835807,0.11635613157545205,5.233662023550136,6.604674169947191,1.3710121463970548,0.08914064908570807,0.12693945243566773,0.016971884450396324,0,0.0710290224446064,0.43438052933242943,0.3479400915532844,0.3787277250851355,0.3597495001439741,0.34475395598999814,0.3322575125022187,0.4652704137092867,0.45522007785578555,0.42978513239381905,0.22461109478723357,0.12730786611132214
2005,65.41056172,0.459874187,65.8704359,49.60315345,86.41250836,16.16248978,161.382568,92.75789695,90.73313378,47.35609506,200.425,177.7333333,185.2666667,200.0833333,195.2666667,295.994,8803.5,323.4510118,164.8617022,168.0982525,94.75165352,751.1626201,751.1626200200001,0.43060051602592786,0.21947538097091476,0.22378410216355588,0.12614000083960142,1,0,FALSE,-7.999994977581082e-8,5.300440111929015,0.5694634019696387,5.180284299448897,0.45367279496847956,5.221796228820215,0.4360599289056779,5.298733946266656,0.5169802878154561,0.4671386771893912,0.24231339235157603,0.1741917988835807,0.11635613157545205,5.257427107089987,6.621622166299203,1.3641950592092158,0.08532545237916739,0.13340347306396083,0.017612866062801658,0,0.08092035890977822,0.5435601279232563,0.43438052933242943,0.43359255993798484,0.3787277250851355,0.4166206754875885,0.34475395598999814,0.4876496979321949,0.4652704137092867,0.43060051602592786,0.21947538097091476,0.12614000083960142
2006,65.7310293,0.430604553,66.16163385,48.98575992,86.93333244,16.52798511,162.0960029,91.60337106,91.27999906,48.42699638,202.05,177.2666667,182.0083333,209.5083333,201.55,298.766,9301,327.5149739,162.3822424,166.137205,101.458593,757.4930143,757.4930142999999,0.4323669891565362,0.21436797347901299,0.2193250655301786,0.13393997183427228,1,0,FALSE,-1.1368683772161603e-13,5.308515191524482,0.5775384815651057,5.17765519032885,0.4510436858484326,5.204052473391223,0.41831617347668626,5.344763515659411,0.5630098572082112,0.4671386771893912,0.24231339235157603,0.1741917988835807,0.11635613157545205,5.26282722669617,6.630014315294797,1.3671870885986266,0.08144210453714654,0.15922230808841942,0.032727512371746315,0,0.1446936837315249,0.5694634019696387,0.5435601279232563,0.45367279496847956,0.43359255993798484,0.4360599289056779,0.4166206754875885,0.5169802878154561,0.4876496979321949,0.4323669891565362,0.21436797347901299,0.13393997183427228
2007,65.05960975,0.396136739,65.45574649,50.35915682,85.41294434,16.28031845,160.3665789,94.17162326,89.68359155,47.70133305,211.0596667,180.89525,191.36375,219.0865,207.3354167,301.714,9772.3,338.4691669,170.3519933,171.6218839,104.507181,784.9502251,784.9502250999999,0.4311982544585935,0.21702266953079447,0.21864046714316945,0.13313860886744272,1,0,FALSE,-1.1368683772161603e-13,5.352140874069898,0.621164164110521,5.1979181344556284,0.4713066299752109,5.254176067142163,0.46843976722762637,5.389466629002502,0.6077129705513027,0.4671386771893912,0.24231339235157603,0.1741917988835807,0.11635613157545205,5.302049053362277,6.665620308256143,1.3635712548938663,0.08032399998976698,0.15272439688289463,0.00286686274758452,0,0.13927320332367632,0.5775384815651057,0.5694634019696387,0.4510436858484326,0.45367279496847956,0.41831617347668626,0.4360599289056779,0.5630098572082112,0.5169802878154561,0.4311982544585935,0.21702266953079447,0.13313860886744272
2008,62.14808175,0.407922944,62.5560047,48.90923782,83.82231668,15.94827988,153.2622115,91.46027472,88.01343251,46.72846006,220.586,185.034,200.901,232.122,215.303,304.374846,10035.5,338.0749819,169.2326047,176.8198661,108.4670361,792.5944887,792.5944888,0.42654218099831936,0.2135172614639558,0.22308995154345312,0.1368506059942717,1,0,FALSE,9.999996564147295e-8,5.396287641523565,0.6653109315641883,5.220539591975938,0.49392808749552053,5.302812249409297,0.5170759494947603,5.447263095518271,0.6655094370670716,0.4671386771893912,0.24231339235157603,0.1741917988835807,0.11635613157545205,5.343350195366901,6.675311727413967,1.3319615320470657,0.07897907317024563,0.14823498206942798,-0.023147861999239794,0,0.14843348757231123,0.621164164110521,0.5775384815651057,0.4713066299752109,0.4510436858484326,0.46843976722762637,0.41831617347668626,0.6077129705513027,0.5630098572082112,0.42654218099831936,0.2135172614639558,0.1368506059942717
2009,60.79943934,0.397128662,61.19656801,49.55973033,80.01210586,15.76896099,149.9315916,92.67669572,84.01271115,46.2030557,218.273,181.366,204.22,240.556,214.537,307.00655,9845.9,327.260183,168.084016,171.5707587,111.1442227,778.0591803,778.0591804000001,0.4206109139818331,0.21602986023966458,0.2205111937780819,0.1428480320004203,0.9999999999999999,-1.1102230246251565e-16,FALSE,1.0000007932831068e-7,5.3857465729014855,0.6547698629421088,5.2005170890221235,0.47390558454170595,5.319197844127392,0.5334615442128552,5.482952910673722,0.7011992522225228,0.4671386771893912,0.24231339235157603,0.1741917988835807,0.11635613157545205,5.340581298948365,6.6568025886376025,1.3162212896892376,0.07902367283844038,0.12130831872925363,-0.05955595967114924,0,0.16773770800966759,0.6653109315641883,0.621164164110521,0.49392808749552053,0.4713066299752109,0.5170759494947603,0.46843976722762637,0.6655094370670716,0.6077129705513027,0.4206109139818331,0.21602986023966458,0.1428480320004203
2010,59.3564796,0.400865662,59.75734526,47.20748403,82.78586166,15.78070103,146.4054959,88.27799514,86.92515474,46.23745402,224.511,189.957,203.978,243.229,218.056,309.330219,10215.7,328.6964429,167.6902312,177.3081921,112.462897,786.1577633,786.1577632000001,0.4181049380751062,0.21330353657951384,0.22553767246192347,0.14305385288345643,0.9999999999999999,-1.1102230246251565e-16,FALSE,-9.999996564147295e-8,5.413924703754786,0.682947993795409,5.24679773075773,0.5201862262773123,5.318012144891473,0.5322758449769358,5.494003386404133,0.7122497279529334,0.4671386771893912,0.24231339235157603,0.1741917988835807,0.11635613157545205,5.366038064545227,6.667157488827777,1.3011194242825503,0.07695583887545641,0.15067214881847324,-0.01208961869962355,0,0.1799738829759976,0.6547698629421088,0.6653109315641883,0.47390558454170595,0.49392808749552053,0.5334615442128552,0.5170759494947603,0.7011992522225228,0.6655094370670716,0.4181049380751062,0.21330353657951384,0.14305385288345643
