year,produto,observado,previsto,residuo
1971,Carne bovina e vitela,0.5435418080474723,0.5710394120035052,-0.027497603956032846
1972,Carne bovina e vitela,0.5525359288804665,0.5376365770604735,0.014899351819993023
1973,Carne bovina e vitela,0.5314898333508773,0.5808660709899054,-0.0493762376390281
1974,Carne bovina e vitela,0.5452053893668924,0.5445017968041896,0.0007035925627028039
1975,Carne bovina e vitela,0.5506129142760899,0.5419835830739577,0.008629331202132273
1976,Carne bovina e vitela,0.5389392437118512,0.5198831126153095,0.019056131096541695
1977,Carne bovina e vitela,0.5274776539960249,0.5120070737497152,0.015470580246309651
1978,Carne bovina e vitela,0.5320321616115764,0.49801873348576786,0.03401342812580854
1979,Carne bovina e vitela,0.5327830184321934,0.47226483533800456,0.06051818309418888
1980,Carne bovina e vitela,0.5318516912937348,0.4744803697835773,0.05737132151015745
1981,Carne bovina e vitela,0.5217646525333824,0.4663694983841081,0.05539515414927432
1982,Carne bovina e vitela,0.5227225993621734,0.4372635599368734,0.08545903942529998
1983,Carne bovina e vitela,0.5131470626699723,0.44650747278134884,0.06663958988862351
1984,Carne bovina e vitela,0.5035202718939933,0.47881321427258117,0.02470705762141212
1985,Carne bovina e vitela,0.49176570848167517,0.47234004533648144,0.019425663145193728
1986,Carne bovina e vitela,0.47666071140933763,0.4750383224000815,0.0016223890092561533
1987,Carne bovina e vitela,0.45572146183113266,0.4372292205063938,0.018492241324738867
1988,Carne bovina e vitela,0.45566783179855475,0.4510524079430659,0.004615423855488854
1989,Carne bovina e vitela,0.445332100002183,0.4685665644497359,-0.023234464447552894
1990,Carne bovina e vitela,0.4464958726812188,0.44027588157567477,0.006219991105544054
1991,Carne bovina e vitela,0.4420856973362402,0.42949218468106554,0.012593512655174666
1992,Carne bovina e vitela,0.43505327309573755,0.4331264951667785,0.001926777928959067
1993,Carne bovina e vitela,0.4273172414531104,0.43550368276743445,-0.008186441314324056
1994,Carne bovina e vitela,0.4221434793049829,0.4424263131319425,-0.020282833826959557
1995,Carne bovina e vitela,0.4198969319142915,0.4401491082112726,-0.020252176296981117
1996,Carne bovina e vitela,0.4135790458196529,0.4498002368127587,-0.036221190993105834
1997,Carne bovina e vitela,0.4031827540883589,0.44796792268815333,-0.04478516859979442
1998,Carne bovina e vitela,0.3995444218903379,0.45408228167468745,-0.05453785978434955
1999,Carne bovina e vitela,0.39815178586671995,0.45601722831489666,-0.05786544244817671
2000,Carne bovina e vitela,0.40508969931831257,0.44193304036629144,-0.03684334104797887
2001,Carne bovina e vitela,0.4161640232794593,0.4373359523679519,-0.021171929088492636
2002,Carne bovina e vitela,0.4113429540085194,0.44899896271303597,-0.037656008704516575
2003,Carne bovina e vitela,0.4148184683663389,0.43930890477051987,-0.02449043640418097
2004,Carne bovina e vitela,0.42978513239381905,0.4456894896047693,-0.015904357210950237
2005,Carne bovina e vitela,0.43060051602592786,0.44256056224512513,-0.011960046219197273
2006,Carne bovina e vitela,0.4323669891565362,0.42910086404756476,0.0032661251089714516
2007,Carne bovina e vitela,0.4311982544585935,0.43319101428354734,-0.001992759824953838
2008,Carne bovina e vitela,0.42654218099831936,0.4308323457243667,-0.004290164726047319
2009,Carne bovina e vitela,0.4206109139818331,0.43250098626043854,-0.011890072278605446
2010,Carne bovina e vitela,0.4181049380751062,0.420691288135235,-0.002586350060128806
1971,Carne suína,0.2632602814770121,0.25476812786057046,0.008492153616441622
1972,Carne suína,0.2531360297371551,0.24495830600456248,0.008177723732592623
1973,Carne suína,0.25604730596832015,0.26996255253740736,-0.013915246569087214
1974,Carne suína,0.2573985343229151,0.25487973093132904,0.0025188033915860553
1975,Carne suína,0.24512658378882293,0.2661164413368666,-0.020989857548043694
1976,Carne suína,0.2484529814375728,0.25768978392245057,-0.009236802484877765
1977,Carne suína,0.24641269025419335,0.2604520290883731,-0.014039338834179765
1978,Carne suína,0.24079301348956558,0.2504075252907182,-0.009614511801152609
1979,Carne suína,0.2469971839930458,0.23216985122126205,0.014827332771783747
1980,Carne suína,0.2461605676925719,0.23293107889010836,0.013229488802463552
1981,Carne suína,0.24713721964818025,0.2354665371428793,0.011670682505300956
1982,Carne suína,0.2479885837272488,0.23240447496138641,0.015584108765862387
1983,Carne suína,0.2531901256442839,0.23260035769997842,0.020589767944305476
1984,Carne suína,0.2412998324795128,0.24341135945258355,-0.0021115269730707376
1985,Carne suína,0.2409570348547871,0.24213803521005037,-0.0011810003552632786
1986,Carne suína,0.23795002640731266,0.24990899919820447,-0.011958972790891809
1987,Carne suína,0.24610992902082549,0.24004298502855212,0.006066943992273366
1988,Carne suína,0.24610556790567295,0.24357572178891945,0.002529846116753498
1989,Carne suína,0.23721491625432486,0.2506577279796949,-0.013442811725370013
1990,Carne suína,0.24709160419255324,0.24201804967573093,0.005073554516822315
1991,Carne suína,0.2524244443265013,0.23776264836550595,0.014661795960995344
1992,Carne suína,0.25077623764862117,0.2366616318172083,0.014114605831412858
1993,Carne suína,0.24751707233760603,0.23797606936309085,0.009541002974515184
1994,Carne suína,0.24664114445928279,0.24047262226590135,0.006168522193381432
1995,Carne suína,0.24462327553777247,0.24301000064876374,0.0016132748890087256
1996,Carne suína,0.24567414861716913,0.2501767151357369,-0.0045025665185677854
1997,Carne suína,0.2509635098153968,0.2517571202673188,-0.000793610451922
1998,Carne suína,0.25279623063464135,0.2502977080020271,0.002498522632614242
1999,Carne suína,0.24593176128748,0.24656339666661023,-0.0006316353791302187
2000,Carne suína,0.24359762814530506,0.24077152152284176,0.002826106622463298
2001,Carne suína,0.2410893912795168,0.23805351085248033,0.0030358804270364803
2002,Carne suína,0.2383191679332131,0.2363462728661803,0.0019728950670327983
2003,Carne suína,0.2352186015537511,0.22980067522169262,0.005417926332058481
2004,Carne suína,0.22461109478723357,0.22561364443928983,-0.0010025496520562616
2005,Carne suína,0.21947538097091476,0.22556061288429466,-0.006085231913379896
2006,Carne suína,0.21436797347901299,0.22199089501567282,-0.007622921536659832
2007,Carne suína,0.21702266953079447,0.22354132331997587,-0.0065186537891814
2008,Carne suína,0.2135172614639558,0.22751988368963236,-0.014002622225676553
2009,Carne suína,0.21602986023966458,0.232327397430272,-0.01629753719060742
2010,Carne suína,0.21330353657951384,0.22996707792578983,-0.016663541346275984
1971,Pescados,0.06569400409448017,0.05846972161911046,0.007224282475369714
1972,Pescados,0.07159473509920006,0.058914252566507244,0.012680482532692813
1973,Pescados,0.07139367681453176,0.051792758313271466,0.0196009185012603
1974,Pescados,0.0728383442096723,0.07007717578872388,0.0027611684209484233
1975,Pescados,0.07595643936270106,0.08133797137789675,-0.005381532015195686
1976,Pescados,0.08551880040409376,0.10280242588945393,-0.017283625485360166
1977,Pescados,0.09436447457365314,0.12168664980306901,-0.027322175229415865
1978,Pescados,0.09486103830247367,0.10463510323234167,-0.009774064929868001
1979,Pescados,0.08938395632592187,0.08392838597971751,0.005455570346204364
1980,Pescados,0.09009271446725285,0.09011161941636349,-1.8904949110637448e-05
1981,Pescados,0.09522185061314395,0.10148325082540466,-0.006261400212260709
1982,Pescados,0.09631912598132145,0.10601053106502581,-0.009691405083704363
1983,Pescados,0.10203227334457877,0.10872958974985131,-0.006697316405272533
1984,Pescados,0.10842618343950435,0.11082736231279891,-0.0024011788732945655
1985,Pescados,0.11943932300601563,0.12130614912533588,-0.0018668261193202501
1986,Pescados,0.12964605248021338,0.13431885383474432,-0.004672801354530937
1987,Pescados,0.14251049209683175,0.14063296438073908,0.001877527716092675
1988,Pescados,0.1369279703617171,0.14148932884706886,-0.004561358485351746
1989,Pescados,0.1423334281559401,0.1392434181000099,0.003090010055930209
1990,Pescados,0.13245950126180125,0.13135007865168175,0.0011094226101195093
1991,Pescados,0.12977662111633548,0.12899904929527528,0.0007775718210601967
1992,Pescados,0.13022536241912783,0.13245505268578614,-0.002229690266658313
1993,Pescados,0.1321070569162035,0.13200609687899117,0.0001009600372123276
1994,Pescados,0.13557517260038648,0.1393125900335451,-0.003737417433158613
1995,Pescados,0.13981441026566832,0.1483768956667272,-0.008562485401058889
1996,Pescados,0.13526193551332794,0.14939258715565215,-0.014130651642324216
1997,Pescados,0.13367439922937624,0.15044347718139658,-0.016769077952020345
1998,Pescados,0.1369774170389802,0.15413742472825004,-0.01716000768926984
1999,Pescados,0.13838080952395826,0.15343930588518406,-0.015058496361225804
2000,Pescados,0.13877342781439894,0.14832907160231013,-0.009555643787911183
2001,Pescados,0.13083642735121012,0.13727949270685696,-0.006443065355646843
2002,Pescados,0.1321659179312896,0.1329231513958039,-0.000757233464514312
2003,Pescados,0.13441313216042736,0.12190227751679308,0.012510854643634273
2004,Pescados,0.12730786611132214,0.10770380034986902,0.019604065761453113
2005,Pescados,0.12614000083960142,0.10868951259001115,0.017450488249590265
2006,Pescados,0.13393997183427228,0.11531697271142469,0.018622999122847594
2007,Pescados,0.13313860886744272,0.11571314299315694,0.017425465874285784
2008,Pescados,0.1368506059942717,0.11944676075741686,0.017403845236854842
2009,Pescados,0.1428480320004203,0.12761310961273326,0.015234922387687033
2010,Pescados,0.14305385288345643,0.1256480501822249,0.017405802701231515
