rep,produto,em_boot
1,bfvl,-1.029263040522158
1,pork,-1.077535320972834
1,poult,-3.082992218265069
1,fish,.4694123104581129
2,bfvl,-.5035088549636653
2,pork,-.0947100023248162
2,poult,-2.071460195768555
2,fish,.3681672148512773
3,bfvl,-.6793072454845651
3,pork,.7945862540173998
3,poult,-1.092602578549065
3,fish,1.670238917741441
4,bfvl,-.8468111406657876
4,pork,1.045802450149145
4,poult,-2.994360521509356
4,fish,.4747552049910058
5,bfvl,-1.226237181031363
5,pork,-.0687237172620857
5,poult,-3.199702416059628
5,fish,.7105313631751398
6,bfvl,-1.216148517668796
6,pork,-1.666406508493798
6,poult,-4.307797160630619
6,fish,.3560536045072065
7,bfvl,-1.445260116683721
7,pork,-.6430574407452105
7,poult,-2.876255286049059
7,fish,.5326674323804139
8,bfvl,-1.033271143606208
8,pork,6.139771000692333
8,poult,5.334899574242243
8,fish,1.165973296221721
9,bfvl,-1.690629978971532
9,pork,-1.303321229377347
9,poult,-5.606380612769847
9,fish,.0161028906468261
10,bfvl,-1.573472575841077
10,pork,-.0649873490594329
10,poult,-2.14959804724125
10,fish,.5810418303618494
11,bfvl,-.9582880561983194
11,pork,-.3616992745735413
11,poult,-2.469602146211074
11,fish,.5055902258625329
12,bfvl,-1.389755937869099
12,pork,-.5244010358248186
12,poult,-2.921881951582454
12,fish,.5986614679844382
13,bfvl,-1.706710100610752
13,pork,.5644108612879748
13,poult,-1.220882712924533
13,fish,.3306662145911359
14,bfvl,-1.54729585912588
14,pork,-1.908452132695517
14,poult,-4.891288276223949
14,fish,.1595746477458613
15,bfvl,-1.711347432613844
15,pork,-.6650192211421819
15,poult,-3.767334310041701
15,fish,.6495865337660085
16,bfvl,-1.371081729866584
16,pork,-.8958717910888394
16,poult,-3.615132416275534
16,fish,.3619200934555331
17,bfvl,-1.084340692389531
17,pork,-.4212410558579458
17,poult,-3.357682297727384
17,fish,.5339735703533406
18,bfvl,-1.986870423762844
18,pork,-1.65843102389355
18,poult,-4.330841837538086
18,fish,.4255236339794102
19,bfvl,-1.836156302349203
19,pork,.3578243828193783
19,poult,-2.493135154321774
19,fish,.1652771293263866
20,bfvl,-1.168696544831034
20,pork,-.3098002611777867
20,poult,-1.794437865579159
20,fish,.4402156265927692
21,bfvl,-1.227904083698921
21,pork,-1.133175340728134
21,poult,-4.347424298232677
21,fish,.7911897077610517
22,bfvl,-1.201626267865975
22,pork,-.5417111019298163
22,poult,-2.346833061969106
22,fish,.5408616294895725
23,bfvl,-1.693891401682037
23,pork,-1.052726130622308
23,poult,-4.124032506971719
23,fish,.3688627965840925
24,bfvl,-1.728342797549553
24,pork,-.8676903395338402
24,poult,-3.241966057465517
24,fish,.5044362682511472
25,bfvl,-1.466971661742253
25,pork,-.8056111744749996
25,poult,-3.056841811013292
25,fish,.63309701128458
26,bfvl,-1.273910298770478
26,pork,-.1069698450455825
26,poult,-.3041390188808966
26,fish,1.02703187040209
27,bfvl,-1.844838358922526
27,pork,-2.52816894065488
27,poult,-7.347391521405239
27,fish,-.1130083194632252
28,bfvl,-.9485926806436048
28,pork,-.7120635656288052
28,poult,-1.43142451992325
28,fish,.8149938620074149
29,bfvl,-1.483091812410821
29,pork,-1.133490183213763
29,poult,-4.050027013719319
29,fish,.5655006060545746
30,bfvl,-1.504725594255455
30,pork,.2346459425824088
30,poult,-1.460046107959357
30,fish,.6982360026220791
31,bfvl,-1.429048971318243
31,pork,-.4617525475578818
31,poult,-3.547341268349421
31,fish,.743509974870594
32,bfvl,-1.600125904996961
32,pork,-1.214615336830069
32,poult,-4.238365365379485
32,fish,.4126047554508279
33,bfvl,-1.354062782272321
33,pork,.1851502529754583
33,poult,-1.467924741668863
33,fish,.7541980058628961
34,bfvl,-1.069406292038485
34,pork,-1.360057637743576
34,poult,-4.430212612745373
34,fish,.2957019577760529
35,bfvl,-.7144112139088692
35,pork,-.3678452642684854
35,poult,-4.958750447121885
35,fish,.6232309348590248
36,bfvl,-1.891984714348595
36,pork,-2.060377775870392
36,poult,-5.152845485908374
36,fish,.091800177013414
37,bfvl,-.9564158430261666
37,pork,-1.027969488221166
37,poult,-3.614390278674765
37,fish,.4164622249132501
38,bfvl,-1.049814582315434
38,pork,-.2529121593051973
38,poult,-1.840796176109236
38,fish,.7131310067924506
39,bfvl,-1.640183819772142
39,pork,-1.75826076884643
39,poult,-4.036642173904973
39,fish,.1504633309948216
40,bfvl,-.6217252393891811
40,pork,.7780685369286049
40,poult,-.9068493449759822
40,fish,.8098831918813834
41,bfvl,-.4265802350643986
41,pork,.8295949710394479
41,poult,2.12460073825851
41,fish,1.882532327792512
42,bfvl,-1.885853508252052
42,pork,-.9219175487438235
42,poult,-3.943311271940228
42,fish,.1542488359688503
43,bfvl,-1.978625470313714
43,pork,-2.157761311208441
43,poult,-5.533426365127116
43,fish,.3906363915551103
44,bfvl,-.7930268486283084
44,pork,-1.012170285932545
44,poult,-3.729804832455095
44,fish,.4824975654669545
45,bfvl,-1.570599167490007
45,pork,-2.275646400673156
45,poult,-5.795582903941879
45,fish,.2310975133101612
46,bfvl,-1.748073631894363
46,pork,-.7142642777030224
46,poult,-3.443077903914441
46,fish,.5244282076889308
47,bfvl,-1.572261101215695
47,pork,-1.379693648590324
47,poult,-5.421436678609601
47,fish,.3964943616896084
48,bfvl,-.7197408573666354
48,pork,.0725795442993753
48,poult,-1.077323092922823
48,fish,.8447547666968072
49,bfvl,-.9140721007043533
49,pork,-.427244020885216
49,poult,-2.592209435925077
49,fish,.7031357849778626
50,bfvl,-.8433663844763182
50,pork,-.5043574918272089
50,poult,-3.618036125991462
50,fish,1.163406199920864
51,bfvl,-1.103829315116257
51,pork,-.7838617740610843
51,poult,-2.558019762560507
51,fish,.7281976987397845
52,bfvl,-1.264633175396448
52,pork,-1.082392807809589
52,poult,-4.342780378136633
52,fish,.7697461012800775
53,bfvl,-1.01901161879511
53,pork,-.4276655818460043
53,poult,-1.57840465298507
53,fish,.6271816688833298
54,bfvl,-1.222347103223208
54,pork,-.8289800135469299
54,poult,-3.320345249778039
54,fish,.3334317859708504
55,bfvl,-.8033389474892456
55,pork,-.6749302103311842
55,poult,-3.748684315862376
55,fish,.3654732758787667
56,bfvl,-1.279041309354532
56,pork,-1.073344947169077
56,poult,-3.051598288963958
56,fish,.5119791854149573
57,bfvl,-1.339208518970422
57,pork,-1.207201350213948
57,poult,-5.094781983835095
57,fish,.3383412165092992
58,bfvl,-.8835726834339207
58,pork,-.6531921137294709
58,poult,-3.696871563872026
58,fish,.5641868841449291
59,bfvl,-1.606276437096922
59,pork,-.9882076736927138
59,poult,-3.870353023691206
59,fish,.2362284979658817
60,bfvl,-1.594848931080217
60,pork,-1.239562615828548
60,poult,-3.651446856311657
60,fish,.3276228653645559
61,bfvl,-1.729018600767406
61,pork,-.5080406698837061
61,poult,-2.763392745238551
61,fish,.5428007409995179
62,bfvl,-1.738039987809094
62,pork,-.9707100451968592
62,poult,-3.677411520227031
62,fish,.2189240942148003
63,bfvl,-1.762355151492384
63,pork,-1.068118085760936
63,poult,-3.417037182783492
63,fish,.3442802864711245
64,bfvl,-1.170608257586463
64,pork,.0109544101681243
64,poult,-2.039364470639365
64,fish,.3902733103041456
65,bfvl,-1.01702150290568
65,pork,.1375810896767165
65,poult,-1.94272620071893
65,fish,.6281878566734909
66,bfvl,-1.239311238748925
66,pork,-.0955878169520141
66,poult,-2.107490137729752
66,fish,.500642627814994
67,bfvl,-1.143089304060806
67,pork,.8038591931256129
67,poult,-.2346428271995912
67,fish,1.026279905166537
68,bfvl,-.9076108921309467
68,pork,-.2936099782252974
68,poult,-2.59268148759333
68,fish,.9444894520235416
69,bfvl,-1.408760980004234
69,pork,-.6725721161774649
69,poult,-3.156813485944365
69,fish,.4846771907501235
70,bfvl,-.6553206379599373
70,pork,7.32077837814243
70,poult,11.89596609453174
70,fish,1.818306827612821
71,bfvl,-1.205115272132232
71,pork,-.3169742310893302
71,poult,-1.797918778166679
71,fish,.7702058930507527
72,bfvl,4.404780788152946
72,pork,72.34098080213391
72,poult,110.4945426817889
72,fish,3.321003497770493
73,bfvl,-.8818371130198841
73,pork,-1.221750798387061
73,poult,-5.132921577751494
73,fish,1.126922614730784
74,bfvl,-1.486014899365884
74,pork,-1.336859326826179
74,poult,-4.367060084409038
74,fish,.1835899093637885
75,bfvl,-1.954759801582613
75,pork,-1.068109621660446
75,poult,-3.322009823230842
75,fish,.4333119566810562
76,bfvl,-.9597487039061525
76,pork,-1.237409343121925
76,poult,-5.08995460483025
76,fish,.3266492545312623
77,bfvl,-1.095023814883717
77,pork,4.166377553078578
77,poult,7.678519980024612
77,fish,1.891987403238062
78,bfvl,-1.04868948982429
78,pork,1.734047893350504
78,poult,1.428364581568584
78,fish,1.150540012994509
79,bfvl,-.9337165323593764
79,pork,.6116485231581721
79,poult,-.4308301908138928
79,fish,.8343885265284956
80,bfvl,-.934940902740985
80,pork,-.7619633990087421
80,poult,-3.217982006539245
80,fish,.8042810920774188
81,bfvl,-.017856910857494
81,pork,-.8221266980753523
81,poult,-2.165494374753504
81,fish,.728803251107651
82,bfvl,-1.526226725755478
82,pork,-.5539938984240631
82,poult,-3.017779133887329
82,fish,.4393343431991812
83,bfvl,-1.232287007936263
83,pork,-.7664307655398231
83,poult,-4.037631300627432
83,fish,.5897264752144233
84,bfvl,-.7580246966124654
84,pork,.6317790997003461
84,poult,-1.39545379504064
84,fish,1.266672817207324
85,bfvl,-1.384770279374855
85,pork,-1.473550244590878
85,poult,-4.335708501705005
85,fish,.3362947368978131
86,bfvl,-1.934448072084647
86,pork,-1.017527308702858
86,poult,-3.978512512186039
86,fish,.3663553855806816
87,bfvl,-1.784988070814854
87,pork,-1.044625295364832
87,poult,-3.962176606087995
87,fish,.2159566689035057
88,bfvl,-1.454558107115592
88,pork,-.753190396882379
88,poult,-3.317266102659933
88,fish,.5337138366506959
89,bfvl,-1.130893832205296
89,pork,2.66242887075191
89,poult,8.184560761357515
89,fish,1.825477014939097
90,bfvl,-1.019370299990545
90,pork,.33561725931556
90,poult,-.5221263880187121
90,fish,.729817703680713
91,bfvl,-1.830300104186604
91,pork,-1.425553814842573
91,poult,-4.568613510568619
91,fish,.3670642273419771
92,bfvl,-1.426439950500457
92,pork,-1.121118055345511
92,poult,-4.323363102836574
92,fish,.3366344301119883
93,bfvl,-1.870126335832357
93,pork,-.943511669918806
93,poult,-4.002831106618956
93,fish,.1723242195867734
94,bfvl,-1.378936344518122
94,pork,-.9675926902162515
94,poult,-3.823273403462281
94,fish,.4116287979725333
95,bfvl,-.6494988535583348
95,pork,-.195308617927924
95,poult,-3.804268818303759
95,fish,.8920888288689679
96,bfvl,-1.39229023460194
96,pork,-1.069373240976389
96,poult,-3.315650803829485
96,fish,.2695474694563134
97,bfvl,-.6017652502806842
97,pork,-.251930732378578
97,poult,-2.57648412903831
97,fish,.5595897050245913
98,bfvl,-1.597047659058881
98,pork,-.4959712592939343
98,poult,-2.878339306622364
98,fish,.739489018971397
99,bfvl,-1.363729820081432
99,pork,-1.034844889118774
99,poult,-3.664759268405213
99,fish,.2872957990628884
100,bfvl,-1.229299573117215
100,pork,.7334159561936797
100,poult,-.1255662369094215
100,fish,.7123424833507512
101,bfvl,-1.047034280215341
101,pork,.2804111464072427
101,poult,-1.481202861853177
101,fish,.9251595974492461
102,bfvl,-1.377012610895698
102,pork,.0112341512949945
102,poult,-1.946082409768836
102,fish,.5353148415169089
103,bfvl,-1.123341086388194
103,pork,-.4657606108703917
103,poult,-2.613715289350659
103,fish,.4630462841972989
104,bfvl,-.9457561649739797
104,pork,-.9880836424844093
104,poult,-5.128414808916299
104,fish,.6666367279714531
105,bfvl,-1.110687151260146
105,pork,-.1170337534886017
105,poult,-1.889549731637446
105,fish,.9043331087009108
106,bfvl,-.3910555339029069
106,pork,.0967957587260879
106,poult,-7.028960728495507
106,fish,.4675721769585035
107,bfvl,-1.272750576142475
107,pork,-.5185757825228017
107,poult,-1.521815198279165
107,fish,.6299637660926345
108,bfvl,-1.227466430181705
108,pork,-1.758113190234687
108,poult,-4.060365355202777
108,fish,.2862320463641925
109,bfvl,-.8268895871440216
109,pork,-.4762970209609904
109,poult,-2.241103579751289
109,fish,1.029577501133034
110,bfvl,-1.259270543882674
110,pork,.5449278650475029
110,poult,.097427186144508
110,fish,1.040519105734895
111,bfvl,-1.307735217138738
111,pork,-.0238593121509795
111,poult,-2.425830140467397
111,fish,.7542559370953601
112,bfvl,-.6932103264702175
112,pork,-.8256332310725261
112,poult,-5.938565788296057
112,fish,.8964415740762119
113,bfvl,-1.2594530786284
113,pork,-1.168159433160519
113,poult,-4.222726815253526
113,fish,.4108520229946526
114,bfvl,-1.043501939500356
114,pork,-.6679504252788239
114,poult,-3.630274263901735
114,fish,.8191565343347791
115,bfvl,-1.001493762879724
115,pork,1.071537409277489
115,poult,-.2219612785872651
115,fish,.7231489244765379
116,bfvl,-1.41351549883817
116,pork,.4315738401864702
116,poult,-.954970321876919
116,fish,.7602837835630187
117,bfvl,-1.833672632609483
117,pork,-.8591052285380225
117,poult,-4.149043203508397
117,fish,.1951465365001541
118,bfvl,-1.100771775045573
118,pork,2.344393713433082
118,poult,2.426290825960347
118,fish,1.02662592627157
119,bfvl,-.8943959474667318
119,pork,-.5601928401433925
119,poult,-4.122692807813083
119,fish,1.005766183049577
120,bfvl,-1.130584581701118
120,pork,1.283888628021344
120,poult,.3302680706626622
120,fish,1.244894293271279
121,bfvl,-1.632208948936382
121,pork,-1.621657076076635
121,poult,-4.70353751545092
121,fish,.2363259504643671
122,bfvl,-.4327648757621176
122,pork,-.1656285268312642
122,poult,-1.271967161865774
122,fish,.6352886793511117
123,bfvl,-2.05346118838064
123,pork,-1.385398641642241
123,poult,-4.072810778150571
123,fish,.3396921112556173
124,bfvl,-1.154713386486927
124,pork,.6883699803663823
124,poult,-1.447789801301953
124,fish,1.247168391837611
125,bfvl,-1.825372801502016
125,pork,-1.486688619906231
125,poult,-4.8666112543578
125,fish,.4043831313674233
126,bfvl,-1.468820006998712
126,pork,-.0976382033221302
126,poult,-3.300571724616436
126,fish,.3408801018458554
127,bfvl,-.8925158708526704
127,pork,-.0369096549763246
127,poult,-1.289891050379783
127,fish,.7240484632062605
128,bfvl,-1.822243181053268
128,pork,-1.963988500577296
128,poult,-4.877179340017022
128,fish,.3308060810132982
129,bfvl,-.9701062050750923
129,pork,1.160901704921835
129,poult,.52211154773258
129,fish,1.040850105680321
130,bfvl,-1.448823920814021
130,pork,-.3293711861199291
130,poult,-1.249117951711134
130,fish,.7207664045573758
131,bfvl,-.9907810591110849
131,pork,-.6922803708205645
131,poult,-2.840669902667175
131,fish,.4619361415326431
132,bfvl,-1.253846553610045
132,pork,-1.045950174001279
132,poult,-4.709491544946122
132,fish,.6543227998689596
133,bfvl,-1.557420371919018
133,pork,-1.011957909470965
133,poult,-3.130814806980726
133,fish,.3586127627822631
134,bfvl,-1.676837966101663
134,pork,-.7668008700232684
134,poult,-3.290704983576366
134,fish,.3860478067479967
135,bfvl,-.7951866114729309
135,pork,-.6686937835152216
135,poult,-3.088206659862633
135,fish,.2144191917678993
136,bfvl,-1.328017702373319
136,pork,-.818293971944522
136,poult,-2.07229815889134
136,fish,.4992334339255713
137,bfvl,-1.452320163186632
137,pork,-1.36120543348339
137,poult,-4.276516707838502
137,fish,.1795335050557016
138,bfvl,-.5022436700457639
138,pork,-.3915035691192982
138,poult,-2.41307582842618
138,fish,.326369096691564
139,bfvl,-.3267748912493671
139,pork,-.59377133235247
139,poult,-2.214521920491697
139,fish,.4061557430737772
140,bfvl,-1.789740311908356
140,pork,-.2693078850107783
140,poult,-2.396882761398861
140,fish,.4285356522316524
141,bfvl,-1.258566552768743
141,pork,-1.226884060550015
141,poult,-3.660576411389852
141,fish,.2764323621628697
142,bfvl,-1.166564738108438
142,pork,1.30939508676477
142,poult,-.7315107823313279
142,fish,.6010887666540907
143,bfvl,-1.354259891482438
143,pork,-.1309288794146816
143,poult,-2.804024108072427
143,fish,.4341230350559577
144,bfvl,-1.49444974884729
144,pork,-.3164486797769247
144,poult,-2.497327252839507
144,fish,.5647029775969472
145,bfvl,-1.822468617918992
145,pork,-.8740930159340117
145,poult,-3.014710532968389
145,fish,.3869130725527765
146,bfvl,-1.122110877068491
146,pork,-.7367469394566653
146,poult,-3.446689127270647
146,fish,1.026914513466947
147,bfvl,-.7303756273111184
147,pork,.9446698355646694
147,poult,1.997042733056653
147,fish,1.136010732658349
148,bfvl,-1.038705211833211
148,pork,-.8076774555330939
148,poult,-4.065999986388171
148,fish,.8532437998882585
149,bfvl,-1.05334414131854
149,pork,-1.125139721732368
149,poult,-4.479815926480774
149,fish,.4817483530878945
150,bfvl,-1.430712344065757
150,pork,-.2630767978147708
150,poult,-1.819475970802071
150,fish,.6212327822570887
151,bfvl,-1.184552264203497
151,pork,-1.041970662959743
151,poult,-3.331114720851568
151,fish,.7632663832559006
152,bfvl,-.0145105899520175
152,pork,-1.204692852631542
152,poult,-3.776266249060775
152,fish,.2891008634224868
153,bfvl,-.8164289339878859
153,pork,-.5135857013748716
153,poult,-2.131520294779368
153,fish,.8461350214260306
154,bfvl,-.8586634663376691
154,pork,-.9493704218812518
154,poult,-2.615894644529751
154,fish,.7643260564212306
155,bfvl,-1.331910841045258
155,pork,-1.418643925223662
155,poult,-4.710409652777875
155,fish,.3386959879289686
156,bfvl,-.1979274271555775
156,pork,-1.949406268105262
156,poult,-5.961962335532956
156,fish,.3476851225399211
157,bfvl,-1.503361563333054
157,pork,.6017527433301291
157,poult,-1.304704086118347
157,fish,.954037752270219
158,bfvl,-1.635118387972362
158,pork,-.6536016868160341
158,poult,-3.603516700550887
158,fish,.3160267578880505
159,bfvl,-1.544806666751843
159,pork,-1.520088524296645
159,poult,-4.990519689717592
159,fish,.5411103653031173
160,bfvl,.3775935600124321
160,pork,7.867492864991318
160,poult,24.58236705713362
160,fish,3.837181071705746
161,bfvl,-1.146893391558739
161,pork,-.9294192842316004
161,poult,-2.299764910107384
161,fish,1.420717839777631
162,bfvl,-1.579668670533589
162,pork,-1.541023400308122
162,poult,-4.376121815332422
162,fish,.0924731901329334
163,bfvl,-1.35304174306755
163,pork,-1.213398845906329
163,poult,-3.454791110673856
163,fish,.6242755830200841
164,bfvl,-1.849176078983241
164,pork,-.9655255383019299
164,poult,-2.946546365608994
164,fish,.3732078989540959
165,bfvl,-1.605605094214482
165,pork,-1.159267436740959
165,poult,-4.467996618107478
165,fish,.145347612067811
166,bfvl,-1.284778601264457
166,pork,-.5084964382920178
166,poult,-3.66040321238308
166,fish,.971267468660878
167,bfvl,-1.999257552477087
167,pork,-.3536627137489046
167,poult,-2.374181739632445
167,fish,.484200251992299
168,bfvl,-1.429361690258116
168,pork,.0984239562366598
168,poult,-.031710151735417
168,fish,.7664326892522542
169,bfvl,-2.051919077719713
169,pork,-2.011214369517462
169,poult,-4.639442811889161
169,fish,.0519993005605723
170,bfvl,-.7532887040548648
170,pork,-.7993611895014805
170,poult,-4.210717573437336
170,fish,.8411626039557287
171,bfvl,-1.379667338215353
171,pork,-.3264535984977609
171,poult,-2.357863815892067
171,fish,.4999070796096594
172,bfvl,-.4106405779576285
172,pork,-.7514931478380131
172,poult,-4.828542134333126
172,fish,1.139461235599744
173,bfvl,-.9292011588299746
173,pork,-1.075793351577313
173,poult,-5.431153199325218
173,fish,1.197627852031178
174,bfvl,-1.537872642454112
174,pork,-.7831731429950068
174,poult,-3.068865465287147
174,fish,.3424908975367793
175,bfvl,-1.423084583546692
175,pork,-1.174304437300138
175,poult,-3.809649317195148
175,fish,.5136888506168913
176,bfvl,-1.242475335375965
176,pork,-1.611169702143942
176,poult,-5.06559243084603
176,fish,.0706551653208212
177,bfvl,.0613849120257592
177,pork,-1.069317886106209
177,poult,-4.180957165526724
177,fish,.5238271810855089
178,bfvl,-1.200724610201966
178,pork,-.9948405169819443
178,poult,-3.694818676720552
178,fish,.2681167104022277
179,bfvl,-1.937206177004682
179,pork,-1.013514085812299
179,poult,-3.025182451757491
179,fish,.3764961291841382
180,bfvl,-.9258268100177154
180,pork,-.6935166116533428
180,poult,-3.101141019018221
180,fish,.3415807540379385
181,bfvl,-1.751435567384942
181,pork,-1.464307265341904
181,poult,-5.704028059618954
181,fish,.1698579239606757
182,bfvl,-1.504500939728746
182,pork,-1.33626362378461
182,poult,-4.035331932959942
182,fish,.4243107913352437
183,bfvl,-1.062266153289257
183,pork,-.6070101886493704
183,poult,-2.536642162087174
183,fish,.8296017359122272
184,bfvl,-2.14179779430726
184,pork,-1.523415021389379
184,poult,-4.078009794063901
184,fish,.3008967586517375
185,bfvl,-2.274455446885947
185,pork,-2.217020101897682
185,poult,-6.052975185768325
185,fish,.1740117230566924
186,bfvl,-1.580278835535707
186,pork,-2.491301340701135
186,poult,-5.698171372263788
186,fish,.0642157374462007
187,bfvl,-1.698211385500854
187,pork,-1.359961380484173
187,poult,-4.294949864519785
187,fish,.338345102715748
188,bfvl,-1.190638731829344
188,pork,-1.243944785110842
188,poult,-3.376127235100901
188,fish,.4206894345252268
189,bfvl,-1.511350745913305
189,pork,-.6301041651915902
189,poult,-3.03384407431383
189,fish,.426494135364766
190,bfvl,-1.394779248024969
190,pork,-.6073539016917061
190,poult,-3.100124124150189
190,fish,.5913614811133789
191,bfvl,-1.038471578515747
191,pork,-.8206450661858237
191,poult,-3.250230501637433
191,fish,.4123287819939812
192,bfvl,-1.132031653107337
192,pork,-.8327411911337983
192,poult,-2.870890564182993
192,fish,.6370710317057429
193,bfvl,-1.560916851277679
193,pork,-1.212974583345367
193,poult,-3.707739567079514
193,fish,.4206596487179466
194,bfvl,-1.131106995316856
194,pork,-.6848642412952857
194,poult,-3.24556708896693
194,fish,.6521183094191094
195,bfvl,-1.745105355419646
195,pork,-.1095614490778329
195,poult,-1.996633859303289
195,fish,.5031450617555406
196,bfvl,-.9235295825870417
196,pork,-2.06892449308257
196,poult,-5.033088746939123
196,fish,.2511856012288096
197,bfvl,-.6527446031464241
197,pork,-1.044170321215679
197,poult,-4.511496431480426
197,fish,.5485756187421063
198,bfvl,-1.625752842961982
198,pork,-1.356041769107063
198,poult,-4.103120603284179
198,fish,.5152375380940457
199,bfvl,-1.023099158257325
199,pork,.9341212232073708
199,poult,3.744798004284192
199,fish,.9167268802082891
200,bfvl,-1.105621394663872
200,pork,-1.694103854174557
200,poult,-4.717170706721095
200,fish,.1899654709072058
