modelo,parametro,estimativa_R,erro_padrao_R,estat_t_R,estimativa_Stata,erro_padrao_Stata,estat_t_Stata,dif_estimativa,abs_dif_estimativa,dif_erro_padrao,abs_dif_erro_padrao,dif_estat_t,abs_dif_estat_t
irrestrito,a_bfvl,0.43553507462365815,0.20025885014368008,2.1748605582783185,0.4355349213427868,0.20025879,2.1748605,1.532808713289313e-7,1.532808713289313e-7,6.014368009177318e-8,6.014368009177318e-8,5.827831861537902e-8,5.827831861537902e-8
irrestrito,gbfvl_bfvl,0.2502455583589551,0.07654199994746332,3.2693888130793285,0.2502455003732977,0.076541953,3.2693901,5.798565744230544e-8,5.798565744230544e-8,4.6947463319679805e-8,4.6947463319679805e-8,-1.2869206713617132e-6,1.2869206713617132e-6
irrestrito,gbfvl_pork,0.3607514795053248,0.19653451147988257,1.8355630102260776,0.3607514050854954,0.1965344,1.8355637,7.441982941003289e-8,7.441982941003289e-8,1.1147988257520502e-7,1.1147988257520502e-7,-6.897739224243082e-7,6.897739224243082e-7
irrestrito,gbfvl_poult,-0.5682378601318305,0.2436372405628602,-2.3323111804216192,-0.5682376369893627,0.24363704,-2.3323121000000002,-2.231424678367233e-7,2.231424678367233e-7,2.0056286020864178e-7,2.0056286020864178e-7,9.195783809978764e-7,9.195783809978764e-7
irrestrito,gbfvl_fish,-0.16523361916544843,0.06359738777074747,-2.598119591972455,-0.1652336679018112,0.063597381,-2.5981207,4.873636277880067e-8,4.873636277880067e-8,6.770747476569916e-9,6.770747476569916e-9,1.1080275448271948e-6,1.1080275448271948e-6
irrestrito,b_bfvl,0.0243671839707531,0.1489951507867389,0.16354346998601696,0.0243672986718012,0.1489951,0.1635443,-1.1470104810049064e-7,1.1470104810049064e-7,5.078673889769014e-8,5.078673889769014e-8,-8.300139830441644e-7,8.300139830441644e-7
irrestrito,a_pork,0.38546580136130615,0.06518100062769562,5.913775450656713,0.3854658433557051,0.065180995,5.9137764,-4.199439895824497e-8,4.199439895824497e-8,5.627695615073591e-9,5.627695615073591e-9,-9.493432866491958e-7,9.493432866491958e-7
irrestrito,gpork_bfvl,-0.0530773501867543,0.02491317683595091,-2.130493053385353,-0.0530773863120393,0.024913168,-2.1304953,3.6125284999521945e-8,3.6125284999521945e-8,8.835950911917356e-9,8.835950911917356e-9,2.246614647205547e-6,2.246614647205547e-6
irrestrito,gpork_pork,0.00562495300458465,0.06396878892929882,0.08793277313412334,0.0056248712547484,0.06396877,0.087931521,8.174983624938126e-8,8.174983624938126e-8,1.892929882285621e-8,1.892929882285621e-8,1.2521341233445726e-6,1.2521341233445726e-6
irrestrito,gpork_poult,-0.04246730235890084,0.07929996161757216,-0.5355274011821269,-0.0424671968758287,0.079299912,-0.53552639,-1.054830721380906e-7,1.054830721380906e-7,4.961757216204177e-8,4.961757216204177e-8,-1.0111821269198629e-6,1.0111821269198629e-6
irrestrito,gpork_fish,0.04881768245679296,0.02069991597977857,2.3583517200979074,0.0488176979929422,0.020699918,2.3583522,-1.5536149242101338e-8,1.5536149242101338e-8,-2.0202214311149103e-9,2.0202214311149103e-9,-4.799020927315212e-7,4.799020927315212e-7
irrestrito,b_pork,-0.10684487827631985,0.04849549974933138,-2.203191612182384,-0.1068449093652748,0.048495494,-2.2031925,3.108895495207431e-8,3.108895495207431e-8,5.749331379034661e-9,5.749331379034661e-9,8.878176163129581e-7,8.878176163129581e-7
irrestrito,a_fish,0.1820386496433457,0.06600935797555486,2.7577703408471232,0.1820386612107386,0.066009343,2.7577713,-1.156739290464337e-8,1.156739290464337e-8,1.4975554865626073e-8,1.4975554865626073e-8,-9.591528766783597e-7,9.591528766783597e-7
irrestrito,gfish_bfvl,-0.07997413072077109,0.0252297877026429,-3.1698297133270574,-0.0799740873972704,0.025229773,-3.1698298,-4.3323500689695926e-8,4.3323500689695926e-8,1.4702642898295482e-8,1.4702642898295482e-8,8.667294260078506e-8,8.667294260078506e-8
irrestrito,gfish_pork,-0.134050341378952,0.06478174079959617,-2.0692611795295814,-0.1340502612277918,0.064781703,-2.0692611,-8.015116020887447e-8,8.015116020887447e-8,3.779959617533635e-8,3.779959617533635e-8,-7.952958158696788e-8,7.952958158696788e-8
irrestrito,gfish_poult,0.1163455379177094,0.08030775077836327,1.4487460648574848,0.1163453991355315,0.080307685,1.4487455,1.3878217788865221e-7,1.3878217788865221e-7,6.577836327015252e-8,6.577836327015252e-8,5.648574847860743e-7,5.648574847860743e-7
irrestrito,gfish_fish,0.1220318266216438,0.02096298232342419,5.821300840638716,0.1220318275364659,0.02096298,5.8213015,-9.148220930788042e-10,9.148220930788042e-10,2.3234241891545437e-9,2.3234241891545437e-9,-6.593612837946239e-7,6.593612837946239e-7
irrestrito,b_fish,-0.0489879412789378,0.04911180823142569,-0.9974778580356032,-0.0489879499150917,0.049111795,-0.99747831,8.636153903118782e-9,8.636153903118782e-9,1.3231425691206944e-8,1.3231425691206944e-8,4.5196439679706657e-7,4.5196439679706657e-7
homogeneidade,a_bfvl,0.4067852572306947,0.2359860467083298,1.7237682604745972,0.4067851410270495,0.23598607,1.7237676,1.162036452062587e-7,1.162036452062587e-7,-2.3291670203651194e-8,2.3291670203651194e-8,6.604745972360604e-7,6.604745972360604e-7
homogeneidade,gbfvl_bfvl,0.10843595088257985,0.0785521243993925,1.3804330781844325,0.108436053053652,0.078552119,1.3804344,-1.021710721582636e-7,1.021710721582636e-7,5.3993925025475065e-9,5.3993925025475065e-9,-1.3218155674454835e-6,1.3218155674454835e-6
homogeneidade,gbfvl_pork,0.28728752237441313,0.23061869275157068,1.2457252226465778,0.2872880220744511,0.23061867,1.2457275,-4.997000379591832e-7,4.997000379591832e-7,2.2751570682988387e-8,2.2751570682988387e-8,-2.27735342228641e-6,2.27735342228641e-6
homogeneidade,gbfvl_fish,-0.328745367557449,0.054738314092776,-6.005763476753381,-0.3287454581658706,0.054738313,-6.0057654,9.060842159902549e-8,9.060842159902549e-8,1.0927760016321564e-9,1.0927760016321564e-9,1.9232466188512376e-6,1.9232466188512376e-6
homogeneidade,b_bfvl,0.0460440731617382,0.175573186537916,0.26225002843355427,0.0460441599620479,0.1755732,0.26225051,-8.680030970376063e-8,8.680030970376063e-8,-1.3462084003101893e-8,1.3462084003101893e-8,-4.815664457202828e-7,4.815664457202828e-7
homogeneidade,a_pork,0.3758174578410944,0.09718340323301676,3.867095052639764,0.3758175096791041,0.097183384,3.8670962,-5.183800971808594e-8,5.183800971808594e-8,1.9233016762543187e-8,1.9233016762543187e-8,-1.1473602361533608e-6,1.1473602361533608e-6
homogeneidade,gpork_bfvl,-0.10066818498474106,0.03234921253519148,-3.1119207268253577,-0.1006681800419162,0.032349203,-3.1119215,-4.9428248577454426e-9,4.9428248577454426e-9,9.53519147667281e-9,9.53519147667281e-9,7.73174642088037e-7,7.73174642088037e-7
homogeneidade,gpork_pork,-0.01902930780255474,0.09497302795372768,-0.2003653901803164,-0.0190292034460982,0.094972998,-0.20036437000000001,-1.0435645653866787e-7,1.0435645653866787e-7,2.9953727678777575e-8,2.9953727678777575e-8,-1.0201803163911727e-6,1.0201803163911727e-6
homogeneidade,gpork_fish,-0.00605631898516989,0.0225422465648635,-0.2686652799996364,-0.0060563321222552,0.02254224,-0.26866594,1.3137085310213625e-8,1.3137085310213625e-8,6.5648635000359334e-9,6.5648635000359334e-9,6.600003635837126e-7,6.600003635837126e-7
homogeneidade,b_pork,-0.09957018603961389,0.07230427401207422,-1.3770995892025204,-0.099570224533257,0.072304264,-1.3771003,3.849364312025205e-8,3.849364312025205e-8,1.0012074225240752e-8,1.0012074225240752e-8,7.107974795417249e-7,7.107974795417249e-7
homogeneidade,a_fish,0.18775528082414897,0.0703390406756919,2.6692897574452465,0.1877552835908912,0.070339054,2.6692894,-2.766742224213914e-9,2.766742224213914e-9,-1.3324308101303473e-8,1.3324308101303473e-8,3.5744524673475553e-7,3.5744524673475553e-7
homogeneidade,gfish_bfvl,-0.05177662210327583,0.02341359224567323,-2.211391637814313,-0.0517766176195356,0.023413595,-2.2113912,-4.483740226324251e-9,4.483740226324251e-9,-2.7543267701324314e-9,2.7543267701324314e-9,-4.378143128036527e-7,4.378143128036527e-7
homogeneidade,gfish_pork,-0.11944272345266428,0.06873922351050338,-1.7376210750244128,-0.1194427610815309,0.068739228,-1.7376215,3.7628866619843215e-8,3.7628866619843215e-8,-4.48949662168463e-9,4.48949662168463e-9,4.24975587165477e-7,4.24975587165477e-7
homogeneidade,gfish_fish,0.15454460214086296,0.01631554303824101,9.472231587918053,0.1545446033163018,0.016315544,9.4722309,-1.1754388296036922e-9,1.1754388296036922e-9,-9.61758991890882e-10,9.61758991890882e-10,6.879180531882412e-7,6.879180531882412e-7
homogeneidade,b_fish,-0.05329818711288681,0.05233211743538922,-1.0184603590460548,-0.0532981891247476,0.052332129,-1.0184602,2.011860789075115e-9,2.011860789075115e-9,-1.156461077594928e-8,1.156461077594928e-8,-1.59046054770684e-7,1.59046054770684e-7
homog_simetria,a_bfvl,0.29242215845373565,0.2728471045061572,1.071743674843127,0.2924221963525899,0.27284706,1.071744,-3.789885427707418e-8,3.789885427707418e-8,4.45061572040828e-8,4.45061572040828e-8,-3.251568729822907e-7,3.251568729822907e-7
homog_simetria,a_pork,0.37566354542213176,0.09804858586733262,3.831401973817693,0.3756636242966219,0.098048598,3.8314023,-7.887449016141801e-8,7.887449016141801e-8,-1.2132667384645579e-8,1.2132667384645579e-8,-3.261823069422576e-7,3.261823069422576e-7
homog_simetria,a_fish,0.1742444281645135,0.14704302026200744,1.184989453114044,0.1742442000069364,0.147043,1.184988,2.2815757708127826e-7,2.2815757708127826e-7,2.026200743299178e-8,2.026200743299178e-8,1.4531140439810741e-6,1.4531140439810741e-6
homog_simetria,g11,-0.1072270709454779,0.06424490330831516,-1.669036225813723,-0.1072270640147223,0.064244896,-1.6690364,-6.930755594436455e-9,6.930755594436455e-9,7.308315161380641e-9,7.308315161380641e-9,1.7418627695775513e-7,1.7418627695775513e-7
homog_simetria,g12,-0.1023289183447078,0.03245417786897844,-3.1530275934834147,-0.1023288381477942,0.032454178,-3.1530252,-8.019691359606451e-8,8.019691359606451e-8,-1.3102156165567536e-10,1.3102156165567536e-10,-2.39348341457557e-6,2.39348341457557e-6
homog_simetria,g14,-0.1495250655983501,0.02598719159212371,-5.753798561429341,-0.1495250782698731,0.025987189,-5.7537994,1.2671522997553808e-8,1.2671522997553808e-8,2.592123710121186e-9,2.592123710121186e-9,8.385706591340636e-7,8.385706591340636e-7
homog_simetria,g22,-0.01652882659740839,0.09559574539384633,-0.1729033706396769,-0.0165286500673276,0.095595747,-0.17290153,-1.7653008078932775e-7,1.7653008078932775e-7,-1.6061536683986688e-9,1.6061536683986688e-9,-1.8406396768977373e-6,1.8406396768977373e-6
homog_simetria,g24,-0.00596330703538328,0.02262733461618738,-0.2635443871995947,-0.0059633676362441,0.022627335,-0.26354706,6.060086081994404e-8,6.060086081994404e-8,-3.8381261710518366e-10,3.8381261710518366e-10,2.6728004052789522e-6,2.6728004052789522e-6
homog_simetria,g44,0.16790334974552223,0.01678345619992347,10.004098544749551,0.1679033684319805,0.016783455,10.0041,-1.8686458269634443e-8,1.8686458269634443e-8,1.1999234696136174e-9,1.1999234696136174e-9,-1.4552504481457618e-6,1.4552504481457618e-6
homog_simetria,b_bfvl,0.13073262050369294,0.2030335252812265,0.6438967176608499,0.1307325924485991,0.20303349,0.6438967,2.8055093831413913e-8,2.8055093831413913e-8,3.528122649587573e-8,3.528122649587573e-8,1.766084989363037e-8,1.766084989363037e-8
homog_simetria,b_pork,-0.09945661770693091,0.07294798854156084,-1.3633908171473057,-0.0994566761991388,0.072948001,-1.3633914,5.849220788278764e-8,5.849220788278764e-8,-1.2458439155316192e-8,1.2458439155316192e-8,5.828526943307821e-7,5.828526943307821e-7
homog_simetria,b_fish,-0.04331456891742391,0.10940933929406146,-0.3958946210341931,-0.0433143990521144,0.10940933,-0.3958931,-1.6986530951279555e-7,1.6986530951279555e-7,9.294061464881764e-9,9.294061464881764e-9,-1.521034193097126e-6,1.521034193097126e-6
homog_simetria_L2,a_bfvl,0.2091402369305193,0.281918613397591,0.7418461463400005,NA,NA,NA,NA,NA,NA,NA,NA,NA
homog_simetria_L2,a_pork,0.3779741503089653,0.09750191505147106,3.876581809797618,NA,NA,NA,NA,NA,NA,NA,NA,NA
homog_simetria_L2,a_fish,0.1941037808838928,0.15093563077333913,1.2860037082654097,NA,NA,NA,NA,NA,NA,NA,NA,NA
homog_simetria_L2,g11,-0.11064329750885672,0.06260607842806967,-1.767293213165854,NA,NA,NA,NA,NA,NA,NA,NA,NA
homog_simetria_L2,g12,-0.09823635031531353,0.02901359142708937,-3.3858734987076553,NA,NA,NA,NA,NA,NA,NA,NA,NA
homog_simetria_L2,g14,-0.1452786997452688,0.02589822361266284,-5.609600948623957,NA,NA,NA,NA,NA,NA,NA,NA,NA
homog_simetria_L2,g22,-0.01501344866129761,0.06848736903990496,-0.2192148548230821,NA,NA,NA,NA,NA,NA,NA,NA,NA
homog_simetria_L2,g24,0.00344495281529777,0.016053979137061362,0.21458560434683385,NA,NA,NA,NA,NA,NA,NA,NA,NA
homog_simetria_L2,g44,0.16646432152534452,0.01712998396267332,9.717716133773072,NA,NA,NA,NA,NA,NA,NA,NA,NA
homog_simetria_L2,b_bfvl,0.19322087031380164,0.20994273130240393,0.9203503694323384,NA,NA,NA,NA,NA,NA,NA,NA,NA
homog_simetria_L2,b_pork,-0.10154172929921046,0.07262245814141789,-1.398213884491186,NA,NA,NA,NA,NA,NA,NA,NA,NA
homog_simetria_L2,b_fish,-0.05829732715585578,0.11238672903330094,-0.518720739159353,NA,NA,NA,NA,NA,NA,NA,NA,NA
