year,beefq,vealq,bfvlq,porkq,poultq,fishq,cbfvlq,cporkq,cpoultq,cfishq,bfvlp,porkp,poultp,fishp,cpi,pop,pce,xbfvl,xpork,xpoult,xfish,xtotal
1970,84.40908745,2.469830043,86.87891749,55.38551575,40.1262471,11.74336266,212.8533479,103.5709144,42.13255946,34.40805259,43.5,45.4,53.2,31.3,38.84166667,205.052,648.3,92.59120632,47.02119516,22.41452163,10.76972046,172.7966436
1971,83.93964596,2.265254381,86.20490034,60.55895793,40.12886625,11.48988014,211.2020058,113.2452513,42.13530957,33.66534881,45.5,41.1,53.5,34.5,40.48333333,207.661,701.6,96.09691266,46.54379829,22.54239062,11.61454534,176.7976469
1972,85.29386198,1.931133228,87.22499521,54.66486863,41.45498401,12.49190075,213.7012383,102.2233043,43.52773321,36.6012692,49.7,47.6,54.2,37.6,41.80833333,209.896,770.2,106.2095154,48.65829287,23.5920314,13.76207722,192.2219169
1973,80.51974526,1.512032051,82.03177731,48.74997506,39.84086565,12.74131821,200.9778544,91.16245335,41.83290894,37.33206235,59.6,63.3,76,43.1,44.425,211.909,852,119.7828012,57.70583297,31.79301079,16.09011887,225.3717639
1974,85.60552823,1.987219973,87.5927482,52.71794647,39.6991035,12.06898164,214.6022331,98.5825599,41.68405868,35.36211621,61.3,63,72.1,49.7,49.31666667,213.854,932.9,131.5511689,62.10701274,30.05420631,17.57497176,241.2873597
1975,88.16022004,3.451071847,91.61129189,42.89965264,38.68584925,12.13577623,224.4476651,80.22235044,40.62014171,35.55782436,61.9,77.1,79.7,53.9,53.825,215.973,1033.8,138.9331047,61.85143219,32.37425294,19.16566733,252.3244572
1976,94.12567447,3.283801821,97.40947629,45.12382214,42.02227147,12.86032059,238.6532169,84.38154739,44.12338504,37.68073933,59.9,78.1,76.4,60.2,56.93333333,218.035,1151.3,142.9532769,65.90198852,33.71026617,22.68380508,265.2493367
1977,91.54518936,3.183373481,94.72856284,46.6806568,42.71486449,12.64081294,232.084979,87.29282822,44.85060771,37.0375819,59.5,73.9,76.9,66.7,60.61666667,220.239,1277.8,138.0905625,64.50940006,34.49011733,24.70406713,261.794147
1978,87.12660469,2.429266828,89.55587152,46.54530326,44.74533342,13.37017319,219.4118852,87.0397171,46.98260009,39.17460745,73.1,83.4,84.9,73,65.24166667,222.585,1427.6,160.3900881,72.59112406,39.88822748,28.59746344,301.4669031
1979,77.94721047,1.680956251,79.62816672,53.16172855,47.67512457,12.98349292,195.0890085,99.41243239,50.0588808,38.04163427,93.1,84.7,89.1,80.1,72.58333333,225.055,1591.2,181.6278669,84.20233023,44.6024628,30.47134905,340.904009
1980,76.40665108,1.527633577,77.93428466,56.77957902,47.35858538,12.41404144,190.9389974,106.1778128,49.72651465,36.37314141,98.4,81.9,93.7,87.5,82.38333333,227.726,1755.8,187.8839735,86.95962866,46.59374423,31.82649873,353.2638451
1981,77.15514484,1.62577368,78.78091852,54.18731813,48.70503583,12.58012054,193.0132504,101.3302849,51.14028762,36.85975318,99.2,89.5,97.5,94.8,90.93333333,229.966,1939.5,191.4691444,90.69060498,49.86178043,34.94304602,366.9645758
1982,76.8662209,1.661827739,78.52804864,48.61679242,48.94580157,12.39512809,192.3937192,90.91340182,51.39309165,36.31772529,100.6,101,95.8,98.2,96.53333333,232.188,2075.5,193.5480815,91.82253584,49.2345818,35.66400624,370.2692054
1983,78.52750108,1.646388368,80.17388944,51.30998938,49.02600087,13.30305966,196.4260291,95.94968014,51.47730091,38.97796481,99.1,100.1,97,99.3,99.58333333,234.307,2288.6,194.6581949,96.04562982,49.93298189,38.70511905,379.3419256
1984,78.27819064,1.782792949,80.06098359,51.03045585,50.89452357,14.1063178,196.1494098,95.42695244,53.43924975,41.33151116,100.3,98.8,107.3,102.5,103.9333333,236.348,2501.1,196.737858,94.28182901,57.34031498,42.36479894,390.724801
1985,79.04589462,1.853384623,80.89927924,51.46219809,52.47301889,15.00842887,198.2032341,96.23431043,55.09666984,43.9746966,98.2,99.1,106.2,107.5,107.6,238.466,2717.6,194.6355759,95.36820164,58.51266337,47.27279885,395.7892398
1986,78.67360304,1.895036633,80.56863967,48.56563467,53.14145254,15.42067143,197.3931672,90.81773684,55.79852517,45.18256729,98.8,107.2,114.2,117.4,109.6916667,240.651,2896.7,195.0244492,97.35661389,63.72191574,53.04433399,409.1473128
1987,73.70158602,1.536874017,75.23846004,48.78308983,56.60878688,16.09940528,184.3342271,91.22437798,59.43922622,47.17125748,106.3,116,112.6,129.9,113.6166667,242.804,3097,195.9472834,105.8202785,66.92856872,61.27546346,429.9715941
1988,72.47299973,1.387026441,73.86002618,52.07869512,56.65873752,15.14155929,180.9570641,97.38715987,59.49167439,44.36476873,112.1,112.5,120.7,137.4,118.275,245.021,3350.1,202.8528689,109.5605549,71.80645099,60.95719224,445.177067
1989,68.85509718,1.196322541,70.05141972,51.52208499,57.7848371,15.55336336,171.6259783,96.34629893,60.67407895,45.57135464,119.3,113.2,132.7,143.6,123.9416667,247.342,3594.5,204.7497921,109.0640104,80.51450277,65.44046527,459.7687705
1990,67.53533528,1.079837526,68.61517281,49.36581939,60.63333557,14.94410951,168.1071734,92.31408227,63.66500235,43.78624086,128.8,129.8,132.5,146.7,130.6583333,250.132,3835.5,216.5220393,119.8236788,84.35612811,64.23441535,484.9362615
1991,66.39903076,0.997039248,67.39607001,49.77866008,62.9320104,14.76963861,165.1203715,93.08609436,66.07861092,43.27504113,132.4,134.1,131.5,148.3,136.1666667,253.493,3980.1,218.6193719,124.8284525,86.89337336,64.17688599,494.5180838
1992,65.9007217,1.008042228,66.90876393,52.30948173,66.46149674,14.60524574,163.9264716,97.81873084,69.78457158,42.79337003,132.3,127.8,131.4,151.7,140.3083333,256.894,4236.9,216.874722,125.012338,91.69692705,64.91754233,498.5015293
1993,64.40145242,0.912105435,65.31355786,51.59816334,68.95296349,14.78165645,160.0182167,96.48856545,72.40061167,43.31025341,137.1,131.7,136.9,156.6,144.475,260.255,4483.6,219.3849752,127.0754407,99.11643737,67.82385683,513.4007101
1994,66.13997328,0.913694408,67.05366768,52.13276849,69.69150002,14.95999028,164.2814858,97.48827708,73.17607502,43.83277153,136,133.9,141.5,163.7,148.225,263.436,4750.8,223.4228207,130.536803,103.5441462,71.75424699,529.2580169
1995,66.40067603,0.993295993,67.39397202,51.47811838,68.88571675,14.75106638,165.1152315,96.26408136,72.33000259,43.22062448,134.9,134.8,143.5,171.6,152.3833333,266.557,4987.3,222.7404472,129.7639817,103.7935537,74.16659161,530.4645742
1996,66.98446603,1.163434903,68.14790093,48.13400231,69.72490145,14.48082264,166.9623573,90.01058431,73.21114653,42.42881035,134.5,148.2,152.4,173.1,156.8583333,269.667,5273.6,224.5643705,133.395686,111.5737873,73.44427071,542.9781145
1997,65.53035411,1.012744035,66.54309814,47.61854371,71.37979275,14.25001466,163.0305904,89.04667673,74.94878239,41.75254294,136.8,155.9,156.6,177.1,160.525,272.912,5570.6,223.0258477,138.823769,117.3697932,73.94375355,553.1631635
1998,66.50526049,0.796588378,67.30184887,51.28179201,71.94861923,14.49396085,164.8895297,95.89695105,75.5460502,42.46730529,136.5,148.5,157.1,181.7,163.0083333,276.115,5918.5,225.0742081,142.4069723,118.6828449,77.16309371,563.327119
1999,67.31298448,0.698365527,68.01135001,52.51166258,76.43584036,14.84809968,166.6278075,98.19680902,80.25763238,43.50493206,139.2,145.9,157.9,185.3,166.5833333,279.295,6342.8,231.9459081,143.2691444,126.7268015,80.61463911,582.5564931
2000,67.53292281,0.661289009,68.19421182,50.84339756,77.37319241,15.19459779,167.075819,95.07715343,81.24185203,44.52017153,148.1,156.5,159.8,190.4,172.1916667,282.385,6830.4,247.4392879,148.7957451,129.8244795,84.76640659,610.8259191
2001,66.02695078,0.593407749,66.62035853,49.97283894,77.04161424,14.70902623,163.2198784,93.44920882,80.89369496,43.09744686,160.5,162.4,164.9,191.1,177.0416667,285.267,7148.8,261.9679048,151.7615151,133.393703,82.35922095,629.4823439
2002,67.47751686,0.58747606,68.06499292,51.28262137,81.00736947,15.61329003,166.7592327,95.89850196,85.05773795,45.7469398,160.6,161.8,167,188.1,179.8666667,288.028,7439.2,267.8153277,155.1637762,142.0464224,86.04999375,651.0755199
2003,64.75583553,0.581549457,65.33738499,51.5424783,82.02960284,16.31459794,160.0765932,96.38443443,86.13108298,47.80177197,175.1,164.9,169.1,190,183.9666667,290.704,7804,280.2941147,158.9379324,145.6476613,90.82336674,675.7030752
2004,65.83726881,0.499850293,66.3371191,50.9231188,84.50354192,16.51537216,162.5259418,95.22623215,88.72871902,48.39004042,195.3,174.2,181.7,194.3,188.9,293.31,8285.1,317.4131643,165.8840964,161.2200825,94.02184854,738.5391917
2005,65.41056172,0.459874187,65.8704359,49.60315345,86.41250836,16.16248978,161.382568,92.75789695,90.73313378,47.35609506,200.425,177.7333333,185.2666667,200.0833333,195.2666667,295.994,8803.5,323.4510118,164.8617022,168.0982525,94.75165352,751.1626201
2006,65.7310293,0.430604553,66.16163385,48.98575992,86.93333244,16.52798511,162.0960029,91.60337106,91.27999906,48.42699638,202.05,177.2666667,182.0083333,209.5083333,201.55,298.766,9301,327.5149739,162.3822424,166.137205,101.458593,757.4930143
2007,65.05960975,0.396136739,65.45574649,50.35915682,85.41294434,16.28031845,160.3665789,94.17162326,89.68359155,47.70133305,211.0596667,180.89525,191.36375,219.0865,207.3354167,301.714,9772.3,338.4691669,170.3519933,171.6218839,104.507181,784.9502251
2008,62.14808175,0.407922944,62.5560047,48.90923782,83.82231668,15.94827988,153.2622115,91.46027472,88.01343251,46.72846006,220.586,185.034,200.901,232.122,215.303,304.374846,10035.5,338.0749819,169.2326047,176.8198661,108.4670361,792.5944887
2009,60.79943934,0.397128662,61.19656801,49.55973033,80.01210586,15.76896099,149.9315916,92.67669572,84.01271115,46.2030557,218.273,181.366,204.22,240.556,214.537,307.00655,9845.9,327.260183,168.084016,171.5707587,111.1442227,778.0591803
2010,59.3564796,0.400865662,59.75734526,47.20748403,82.78586166,15.78070103,146.4054959,88.27799514,86.92515474,46.23745402,224.511,189.957,203.978,243.229,218.056,309.330219,10215.7,328.6964429,167.6902312,177.3081921,112.462897,786.1577633
